Workbook

Sheet Base_Data_Attrition_Assignment.
A1: Employee ID | B1: Business Unit | C1: Department | D1: Sub Department | E1: Reporting Director | F1: Location | G1: Work Mode (WFO/WFH) | H1: Date of Joining | I1: Date of Exit | J1: Employment Status | K1: Exit Type (Voluntary/Involuntary) | L1: Exit Reason Category | M1: Tenure in Days (as on 30-Jun-2026 / at exit)
A2: EMP1644 | B2: Exploring Infinities - Sales | C2: SALES | D2: Sales - English - India | E2: Director 2 | F2: Hyderabad | G2: WFH | H2: 46113 | I2: 46135 | J2: Relieved | K2: Voluntary | L2: Better Opportunity | M2: 22
A3: EMP1639 | B3: Exploring Infinities - Sales | C3: SALES | D3: Sales - English - India | E3: Director 2 | F3: Hyderabad | G3: WFH | H3: 45992 | I3: 46182 | J3: Relieved | K3: Involuntary | L3: Attendance / Discipline | M3: 190
A4: EMP1656 | B4: Exploring Infinities - Sales | C4: SALES | D4: Sales - English - India | E4: Director 2 | F4: Hyderabad | G4: WFH | H4: 46114 | J4: Active | M4: 89
A5: EMP1658 | B5: Exploring Infinities - Sales | C5: SALES | D5: Sales - English - India | E5: Director 2 | F5: Hyderabad | G5: WFH | H5: 46114 | J5: Active | M5: 89
A6: EMP1692 | B6: Exploring Infinities - Sales | C6: SALES | D6: Sales - English - India | E6: Director 2 | F6: Hyderabad | G6: WFH | H6: 46114 | I6: 46132 | J6: Relieved | K6: Voluntary | L6: Family Reasons | M6: 18
A7: EMP1693 | B7: Exploring Infinities - Sales | C7: SALES | D7: Sales - English - India | E7: Director 2 | F7: Hyderabad | G7: WFH | H7: 46114 | I7: 46161 | J7: Relieved | K7: Involuntary | L7: Attendance / Discipline | M7: 47
A8: EMP1694 | B8: Exploring Infinities - Sales | C8: SALES | D8: Sales - English - India | E8: Director 2 | F8: Hyderabad | G8: WFH | H8: 46114 | I8: 46121 | J8: Relieved | K8: Voluntary | L8: Relocation | M8: 7
A9: EMP1713 | B9: Exploring Infinities - Sales | C9: SALES | D9: Sales - English - India | E9: Director 2 | F9: Hyderabad | G9: WFH | H9: 46175 | J9: Active | M9: 28
A10: EMP1636 | B10: Exploring Infinities - Sales | C10: SALES | D10: Sales - English - India | E10: Director 2 | F10: Hyderabad | G10: WFH | H10: 45963 | J10: Active | M10: 240
A11: EMP1665 | B11: Exploring Infinities - Sales | C11: SALES | D11: Sales - English - India | E11: Director 2 | F11: Hyderabad | G11: WFH | H11: 46115 | I11: 46134 | J11: Relieved | K11: Voluntary | L11: Higher Studies | M11: 19
A12: EMP1711 | B12: Exploring Infinities - Sales | C12: SALES | D12: Sales - English - India | E12: Director 2 | F12: Hyderabad | G12: WFH | H12: 46176 | I12: 46195 | J12: Relieved | K12: Voluntary | L12: Family Reasons | M12: 19
A13: EMP1646 | B13: Exploring Infinities - Sales | C13: SALES | D13: Sales - English - India | E13: Director 2 | F13: Hyderabad | G13: WFH | H13: 46116 | I13: 46166 | J13: Relieved | K13: Involuntary | L13: Attendance / Discipline | M13: 50
A14: EMP1676 | B14: Exploring Infinities - Sales | C14: SALES | D14: Sales - English - India | E14: Director 2 | F14: Hyderabad | G14: WFH | H14: 46116 | I14: 46144 | J14: Relieved | K14: Involuntary | L14: Role Redundancy | M14: 28
A15: EMP1678 | B15: Exploring Infinities - Sales | C15: SALES | D15: Sales - English - India | E15: Director 2 | F15: Hyderabad | G15: WFH | H15: 46116 | I15: 46131 | J15: Relieved | K15: Voluntary | L15: Higher Studies | M15: 15
A16: EMP1628 | B16: Exploring Infinities - Sales | C16: SALES | D16: Sales - English - India | E16: Director 2 | F16: Hyderabad | G16: WFH | H16: 45781 | I16: 46164 | J16: Relieved | K16: Involuntary | L16: Policy Violation | M16: 383
A17: EMP1648 | B17: Exploring Infinities - Sales | C17: SALES | D17: Sales - English - India | E17: Director 2 | F17: Hyderabad | G17: WFH | H17: 46117 | J17: Active | M17: 86
A18: EMP1677 | B18: Exploring Infinities - Sales | C18: SALES | D18: Sales - English - India | E18: Director 2 | F18: Hyderabad | G18: WFH | H18: 46117 | I18: 46126 | J18: Relieved | K18: Voluntary | L18: Family Reasons | M18: 9
A19: EMP1686 | B19: Exploring Infinities - Sales | C19: SALES | D19: Sales - English - India | E19: Director 2 | F19: Hyderabad | G19: WFH | H19: 46117 | J19: Active | M19: 86
A20: EMP1695 | B20: Exploring Infinities - Sales | C20: SALES | D20: Sales - English - India | E20: Director 2 | F20: Hyderabad | G20: WFH | H20: 46117 | I20: 46133 | J20: Relieved | K20: Voluntary | L20: Better Opportunity | M20: 16
A21: EMP1702 | B21: Exploring Infinities - Sales | C21: SALES | D21: Sales - English - India | E21: Director 2 | F21: Hyderabad | G21: WFH | H21: 46117 | I21: 46120 | J21: Relieved | K21: Voluntary | L21: Personal Reasons | M21: 3
A22: EMP1706 | B22: Exploring Infinities - Sales | C22: SALES | D22: Sales - English - India | E22: Director 2 | F22: Hyderabad | G22: WFH | H22: 46117 | I22: 46120 | J22: Relieved | K22: Voluntary | L22: Family Reasons | M22: 3
A23: EMP1611 | B23: Exploring Infinities - Sales | C23: SALES | D23: Sales - English - India | E23: Director 2 | F23: Hyderabad | G23: WFH | H23: 46027 | I23: 46167 | J23: Relieved | K23: Involuntary | L23: Attendance / Discipline | M23: 140
A24: EMP1661 | B24: Exploring Infinities - Sales | C24: SALES | D24: Sales - English - India | E24: Director 2 | F24: Hyderabad | G24: WFH | H24: 46119 | J24: Active | M24: 84
A25: EMP1687 | B25: Exploring Infinities - Sales | C25: SALES | D25: Sales - English - India | E25: Director 2 | F25: Hyderabad | G25: WFH | H25: 46119 | I25: 46166 | J25: Relieved | K25: Involuntary | L25: Performance Related | M25: 47
A26: EMP1621 | B26: Exploring Infinities - Sales | C26: SALES | D26: Sales - English - India | E26: Director 2 | F26: Hyderabad | G26: WFH | H26: 45815 | I26: 46122 | J26: Relieved | K26: Involuntary | L26: Role Redundancy | M26: 307
A27: EMP1613 | B27: Exploring Infinities - Sales | C27: SALES | D27: Sales - English - India | E27: Director 2 | F27: Hyderabad | G27: WFH | H27: 45755 | I27: 46119 | J27: Relieved | K27: Voluntary | L27: Better Opportunity | M27: 364
A28: EMP1638 | B28: Exploring Infinities - Sales | C28: SALES | D28: Sales - English - India | E28: Director 2 | F28: Hyderabad | G28: WFH | H28: 46089 | I28: 46131 | J28: Relieved | K28: Involuntary | L28: Performance Related | M28: 42
A29: EMP1650 | B29: Exploring Infinities - Sales | C29: SALES | D29: Sales - English - India | E29: Director 2 | F29: Hyderabad | G29: WFH | H29: 46121 | I29: 46157 | J29: Relieved | K29: Voluntary | L29: Family Reasons | M29: 36
A30: EMP1671 | B30: Exploring Infinities - Sales | C30: SALES | D30: Sales - English - India | E30: Director 2 | F30: Hyderabad | G30: WFH | H30: 46121 | I30: 46124 | J30: Relieved | K30: Voluntary | L30: Health Reasons | M30: 3
A31: EMP1664 | B31: Exploring Infinities - Sales | C31: SALES | D31: Sales - English - India | E31: Director 2 | F31: Hyderabad | G31: WFH | H31: 46122 | I31: 46148 | J31: Relieved | K31: Involuntary | L31: Policy Violation | M31: 26
A32: EMP1612 | B32: Exploring Infinities - Sales | C32: SALES | D32: Sales - English - India | E32: Director 2 | F32: Hyderabad | G32: WFH | H32: 45818 | I32: 46144 | J32: Relieved | K32: Involuntary | L32: Attendance / Discipline | M32: 326
A33: EMP1682 | B33: Exploring Infinities - Sales | C33: SALES | D33: Sales - English - India | E33: Director 2 | F33: Hyderabad | G33: WFH | H33: 46123 | I33: 46165 | J33: Relieved | K33: Involuntary | L33: Role Redundancy | M33: 42
A34: EMP1697 | B34: Exploring Infinities - Sales | C34: SALES | D34: Sales - English - India | E34: Director 2 | F34: Hyderabad | G34: WFH | H34: 46123 | I34: 46123 | J34: Relieved | K34: Voluntary | L34: Personal Reasons | M34: 0
A35: EMP1640 | B35: Exploring Infinities - Sales | C35: SALES | D35: Sales - English - India | E35: Director 2 | F35: Hyderabad | G35: WFH | H35: 46002 | I35: 46142 | J35: Relieved | K35: Involuntary | L35: Policy Violation | M35: 140
A36: EMP1635 | B36: Exploring Infinities - Sales | C36: SALES | D36: Sales - English - India | E36: Director 2 | F36: Hyderabad | G36: WFH | H36: 45911 | I36: 46133 | J36: Relieved | K36: Involuntary | L36: Attendance / Discipline | M36: 222
A37: EMP1652 | B37: Exploring Infinities - Sales | C37: SALES | D37: Sales - English - India | E37: Director 2 | F37: Hyderabad | G37: WFH | H37: 46124 | J37: Active | M37: 79
A38: EMP1655 | B38: Exploring Infinities - Sales | C38: SALES | D38: Sales - English - India | E38: Director 2 | F38: Hyderabad | G38: WFH | H38: 46124 | I38: 46173 | J38: Relieved | K38: Voluntary | L38: Higher Studies | M38: 49
A39: EMP1662 | B39: Exploring Infinities - Sales | C39: SALES | D39: Sales - English - India | E39: Director 2 | F39: Hyderabad | G39: WFH | H39: 46124 | I39: 46164 | J39: Relieved | K39: Involuntary | L39: Performance Related | M39: 40
A40: EMP1680 | B40: Exploring Infinities - Sales | C40: SALES | D40: Sales - English - India | E40: Director 2 | F40: Hyderabad | G40: WFH | H40: 46124 | J40: Active | M40: 79
A41: EMP1684 | B41: Exploring Infinities - Sales | C41: SALES | D41: Sales - English - India | E41: Director 2 | F41: Hyderabad | G41: WFH | H41: 46124 | J41: Active | M41: 79
A42: EMP1623 | B42: Exploring Infinities - Sales | C42: SALES | D42: Sales - English - India | E42: Director 2 | F42: Hyderabad | G42: WFH | H42: 45669 | I42: 46126 | J42: Relieved | K42: Involuntary | L42: Attendance / Discipline | M42: 457
A43: EMP1709 | B43: Exploring Infinities - Sales | C43: SALES | D43: Sales - English - India | E43: Director 2 | F43: Hyderabad | G43: WFH | H43: 46185 | I43: 46191 | J43: Relieved | K43: Voluntary | L43: Health Reasons | M43: 6
A44: EMP1622 | B44: Exploring Infinities - Sales | C44: SALES | D44: Sales - English - India | E44: Director 2 | F44: Hyderabad | G44: WFH | H44: 45912 | J44: Active | M44: 291
A45: EMP1654 | B45: Exploring Infinities - Sales | C45: SALES | D45: Sales - English - India | E45: Director 2 | F45: Hyderabad | G45: WFH | H45: 46125 | I45: 46159 | J45: Relieved | K45: Involuntary | L45: Role Redundancy | M45: 34
A46: EMP1657 | B46: Exploring Infinities - Sales | C46: SALES | D46: Sales - English - India | E46: Director 2 | F46: Hyderabad | G46: WFH | H46: 46125 | I46: 46146 | J46: Relieved | K46: Involuntary | L46: Attendance / Discipline | M46: 21
A47: EMP1666 | B47: Exploring Infinities - Sales | C47: SALES | D47: Sales - English - India | E47: Director 2 | F47: Hyderabad | G47: WFH | H47: 46125 | J47: Active | M47: 78
A48: EMP1679 | B48: Exploring Infinities - Sales | C48: SALES | D48: Sales - English - India | E48: Director 2 | F48: Hyderabad | G48: WFH | H48: 46125 | I48: 46142 | J48: Relieved | K48: Voluntary | L48: Higher Studies | M48: 17
A49: EMP1690 | B49: Exploring Infinities - Sales | C49: SALES | D49: Sales - English - India | E49: Director 2 | F49: Hyderabad | G49: WFH | H49: 46125 | I49: 46136 | J49: Relieved | K49: Voluntary | L49: Health Reasons | M49: 11
A50: EMP1616 | B50: Exploring Infinities - Sales | C50: SALES | D50: Sales - English - India | E50: Director 2 | F50: Hyderabad | G50: WFH | H50: 45913 | I50: 46113 | J50: Relieved | K50: Involuntary | L50: Policy Violation | M50: 200
A51: EMP1619 | B51: Exploring Infinities - Sales | C51: SALES | D51: Sales - English - India | E51: Director 2 | F51: Hyderabad | G51: WFH | H51: 45913 | I51: 46118 | J51: Relieved | K51: Involuntary | L51: Policy Violation | M51: 205
A52: EMP1647 | B52: Exploring Infinities - Sales | C52: SALES | D52: Sales - English - India | E52: Director 2 | F52: Hyderabad | G52: WFH | H52: 46126 | I52: 46181 | J52: Relieved | K52: Involuntary | L52: Role Redundancy | M52: 55
A53: EMP1668 | B53: Exploring Infinities - Sales | C53: SALES | D53: Sales - English - India | E53: Director 2 | F53: Hyderabad | G53: WFH | H53: 46127 | I53: 46156 | J53: Relieved | K53: Involuntary | L53: Role Redundancy | M53: 29
A54: EMP1701 | B54: Exploring Infinities - Sales | C54: SALES | D54: Sales - English - India | E54: Director 2 | F54: Hyderabad | G54: WFH | H54: 46127 | I54: 46134 | J54: Relieved | K54: Voluntary | L54: Relocation | M54: 7
A55: EMP1699 | B55: Exploring Infinities - Sales | C55: SALES | D55: Sales - English - India | E55: Director 2 | F55: Hyderabad | G55: WFH | H55: 46128 | I55: 46169 | J55: Relieved | K55: Involuntary | L55: Performance Related | M55: 41
A56: EMP1624 | B56: Exploring Infinities - Sales | C56: SALES | D56: Sales - English - India | E56: Director 2 | F56: Hyderabad | G56: WFH | H56: 45704 | I56: 46139 | J56: Relieved | K56: Involuntary | L56: Role Redundancy | M56: 435
A57: EMP1626 | B57: Exploring Infinities - Sales | C57: SALES | D57: Sales - English - India | E57: Director 2 | F57: Hyderabad | G57: WFH | H57: 45916 | I57: 46203 | J57: Relieved | K57: Involuntary | L57: Performance Related | M57: 287
A58: EMP1667 | B58: Exploring Infinities - Sales | C58: SALES | D58: Sales - English - India | E58: Director 2 | F58: Hyderabad | G58: WFH | H58: 46129 | I58: 46157 | J58: Relieved | K58: Involuntary | L58: Attendance / Discipline | M58: 28
A59: EMP1689 | B59: Exploring Infinities - Sales | C59: SALES | D59: Sales - English - India | E59: Director 2 | F59: Hyderabad | G59: WFH | H59: 46129 | I59: 46162 | J59: Relieved | K59: Voluntary | L59: Better Opportunity | M59: 33
A60: EMP1691 | B60: Exploring Infinities - Sales | C60: SALES | D60: Sales - English - India | E60: Director 2 | F60: Hyderabad | G60: WFH | H60: 46129 | I60: 46160 | J60: Relieved | K60: Involuntary | L60: Role Redundancy | M60: 31
A61: EMP1700 | B61: Exploring Infinities - Sales | C61: SALES | D61: Sales - English - India | E61: Director 2 | F61: Hyderabad | G61: WFH | H61: 46129 | J61: Active | M61: 74
A62: EMP1705 | B62: Exploring Infinities - Sales | C62: SALES | D62: Sales - English - India | E62: Director 2 | F62: Hyderabad | G62: WFH | H62: 46129 | I62: 46175 | J62: Relieved | K62: Involuntary | L62: Role Redundancy | M62: 46
A63: EMP1609 | B63: Exploring Infinities - Sales | C63: SALES | D63: Sales - English - India | E63: Director 2 | F63: Hyderabad | G63: WFH | H63: 45825 | I63: 46200 | J63: Relieved | K63: Involuntary | L63: Attendance / Discipline | M63: 375
A64: EMP1708 | B64: Exploring Infinities - Sales | C64: SALES | D64: Sales - English - India | E64: Director 2 | F64: Hyderabad | G64: WFH | H64: 46159 | I64: 46159 | J64: Relieved | K64: Voluntary | L64: Relocation | M64: 0
A65: EMP1643 | B65: Exploring Infinities - Sales | C65: SALES | D65: Sales - English - India | E65: Director 2 | F65: Hyderabad | G65: WFH | H65: 46130 | I65: 46159 | J65: Relieved | K65: Involuntary | L65: Role Redundancy | M65: 29
A66: EMP1660 | B66: Exploring Infinities - Sales | C66: SALES | D66: Sales - English - India | E66: Director 2 | F66: Hyderabad | G66: WFH | H66: 46130 | I66: 46130 | J66: Relieved | K66: Voluntary | L66: Family Reasons | M66: 0
A67: EMP1663 | B67: Exploring Infinities - Sales | C67: SALES | D67: Sales - English - India | E67: Director 2 | F67: Hyderabad | G67: WFH | H67: 46130 | I67: 46130 | J67: Relieved | K67: Voluntary | L67: Relocation | M67: 0
A68: EMP1670 | B68: Exploring Infinities - Sales | C68: SALES | D68: Sales - English - India | E68: Director 2 | F68: Hyderabad | G68: WFH | H68: 46130 | I68: 46185 | J68: Relieved | K68: Involuntary | L68: Attendance / Discipline | M68: 55
A69: EMP1683 | B69: Exploring Infinities - Sales | C69: SALES | D69: Sales - English - India | E69: Director 2 | F69: Hyderabad | G69: WFH | H69: 46130 | I69: 46170 | J69: Relieved | K69: Involuntary | L69: Role Redundancy | M69: 40
A70: EMP1712 | B70: Exploring Infinities - Sales | C70: SALES | D70: Sales - English - India | E70: Director 2 | F70: Hyderabad | G70: WFH | H70: 46191 | I70: 46200 | J70: Relieved | K70: Voluntary | L70: Personal Reasons | M70: 9
A71: EMP1659 | B71: Exploring Infinities - Sales | C71: SALES | D71: Sales - English - India | E71: Director 2 | F71: Hyderabad | G71: WFH | H71: 46131 | I71: 46168 | J71: Relieved | K71: Involuntary | L71: Performance Related | M71: 37
A72: EMP1673 | B72: Exploring Infinities - Sales | C72: SALES | D72: Sales - English - India | E72: Director 2 | F72: Hyderabad | G72: WFH | H72: 46132 | J72: Active | M72: 71
A73: EMP1675 | B73: Exploring Infinities - Sales | C73: SALES | D73: Sales - English - India | E73: Director 2 | F73: Hyderabad | G73: WFH | H73: 46132 | J73: Active | M73: 71
A74: EMP1688 | B74: Exploring Infinities - Sales | C74: SALES | D74: Sales - English - India | E74: Director 2 | F74: Hyderabad | G74: WFH | H74: 46132 | I74: 46132 | J74: Relieved | K74: Voluntary | L74: Higher Studies | M74: 0
A75: EMP1703 | B75: Exploring Infinities - Sales | C75: SALES | D75: Sales - English - India | E75: Director 2 | F75: Hyderabad | G75: WFH | H75: 46132 | I75: 46155 | J75: Relieved | K75: Involuntary | L75: Policy Violation | M75: 23
A76: EMP1629 | B76: Exploring Infinities - Sales | C76: SALES | D76: Sales - English - India | E76: Director 2 | F76: Hyderabad | G76: WFH | H76: 45768 | I76: 46145 | J76: Relieved | K76: Involuntary | L76: Role Redundancy | M76: 377
A77: EMP1608 | B77: Exploring Infinities - Sales | C77: SALES | D77: Sales - English - India | E77: Director 2 | F77: Hyderabad | G77: WFH | H77: 46074 | I77: 46128 | J77: Relieved | K77: Voluntary | L77: Family Reasons | M77: 54
A78: EMP1625 | B78: Exploring Infinities - Sales | C78: SALES | D78: Sales - English - India | E78: Director 2 | F78: Hyderabad | G78: WFH | H78: 45859 | I78: 46130 | J78: Relieved | K78: Involuntary | L78: Performance Related | M78: 271
A79: EMP1617 | B79: Exploring Infinities - Sales | C79: SALES | D79: Sales - English - India | E79: Director 2 | F79: Hyderabad | G79: WFH | H79: 45921 | I79: 46133 | J79: Relieved | K79: Involuntary | L79: Role Redundancy | M79: 212
A80: EMP1674 | B80: Exploring Infinities - Sales | C80: SALES | D80: Sales - English - India | E80: Director 2 | F80: Hyderabad | G80: WFH | H80: 46134 | I80: 46134 | J80: Relieved | K80: Voluntary | L80: Personal Reasons | M80: 0
A81: EMP1696 | B81: Exploring Infinities - Sales | C81: SALES | D81: Sales - English - India | E81: Director 2 | F81: Hyderabad | G81: WFH | H81: 46135 | I81: 46139 | J81: Relieved | K81: Voluntary | L81: Relocation | M81: 4
A82: EMP1627 | B82: Exploring Infinities - Sales | C82: SALES | D82: Sales - English - India | E82: Director 2 | F82: Hyderabad | G82: WFH | H82: 45892 | I82: 46142 | J82: Relieved | K82: Involuntary | L82: Performance Related | M82: 250
A83: EMP1710 | B83: Exploring Infinities - Sales | C83: SALES | D83: Sales - English - India | E83: Director 2 | F83: Hyderabad | G83: WFH | H83: 46196 | I83: 46196 | J83: Relieved | K83: Voluntary | L83: Health Reasons | M83: 0
A84: EMP1615 | B84: Exploring Infinities - Sales | C84: SALES | D84: Sales - English - India | E84: Director 2 | F84: Hyderabad | G84: WFH | H84: 45739 | I84: 46142 | J84: Relieved | K84: Involuntary | L84: Attendance / Discipline | M84: 403
A85: EMP1610 | B85: Exploring Infinities - Sales | C85: SALES | D85: Sales - English - India | E85: Director 2 | F85: Hyderabad | G85: WFH | H85: 45953 | I85: 46159 | J85: Relieved | K85: Involuntary | L85: Policy Violation | M85: 206
A86: EMP1651 | B86: Exploring Infinities - Sales | C86: SALES | D86: Sales - English - India | E86: Director 2 | F86: Hyderabad | G86: WFH | H86: 46136 | J86: Active | M86: 67
A87: EMP1653 | B87: Exploring Infinities - Sales | C87: SALES | D87: Sales - English - India | E87: Director 2 | F87: Hyderabad | G87: WFH | H87: 46137 | I87: 46150 | J87: Relieved | K87: Voluntary | L87: Higher Studies | M87: 13
A88: EMP1669 | B88: Exploring Infinities - Sales | C88: SALES | D88: Sales - English - India | E88: Director 2 | F88: Hyderabad | G88: WFH | H88: 46137 | I88: 46145 | J88: Relieved | K88: Involuntary | L88: Performance Related | M88: 8
A89: EMP1685 | B89: Exploring Infinities - Sales | C89: SALES | D89: Sales - English - India | E89: Director 2 | F89: Hyderabad | G89: WFH | H89: 46137 | I89: 46137 | J89: Relieved | K89: Voluntary | L89: Health Reasons | M89: 0
A90: EMP1632 | B90: Exploring Infinities - Sales | C90: SALES | D90: Sales - English - India | E90: Director 2 | F90: Hyderabad | G90: WFH | H90: 45682 | I90: 46141 | J90: Relieved | K90: Involuntary | L90: Performance Related | M90: 459
A91: EMP1634 | B91: Exploring Infinities - Sales | C91: SALES | D91: Sales - English - India | E91: Director 2 | F91: Hyderabad | G91: WFH | H91: 45802 | I91: 46141 | J91: Relieved | K91: Involuntary | L91: Attendance / Discipline | M91: 339
A92: EMP1681 | B92: Exploring Infinities - Sales | C92: SALES | D92: Sales - English - India | E92: Director 2 | F92: Hyderabad | G92: WFH | H92: 46138 | I92: 46158 | J92: Relieved | K92: Voluntary | L92: Higher Studies | M92: 20
A93: EMP1698 | B93: Exploring Infinities - Sales | C93: SALES | D93: Sales - English - India | E93: Director 2 | F93: Hyderabad | G93: WFH | H93: 46138 | I93: 46193 | J93: Relieved | K93: Involuntary | L93: Performance Related | M93: 55
A94: EMP1633 | B94: Exploring Infinities - Sales | C94: SALES | D94: Sales - English - India | E94: Director 2 | F94: Hyderabad | G94: WFH | H94: 45683 | I94: 46123 | J94: Relieved | K94: Voluntary | L94: Better Opportunity | M94: 440
A95: EMP1614 | B95: Exploring Infinities - Sales | C95: SALES | D95: Sales - English - India | E95: Director 2 | F95: Hyderabad | G95: WFH | H95: 46048 | I95: 46161 | J95: Relieved | K95: Involuntary | L95: Performance Related | M95: 113
A96: EMP1630 | B96: Exploring Infinities - Sales | C96: SALES | D96: Sales - English - India | E96: Director 2 | F96: Hyderabad | G96: WFH | H96: 45956 | I96: 46138 | J96: Relieved | K96: Involuntary | L96: Role Redundancy | M96: 182
A97: EMP1672 | B97: Exploring Infinities - Sales | C97: SALES | D97: Sales - English - India | E97: Director 2 | F97: Hyderabad | G97: WFH | H97: 46139 | I97: 46157 | J97: Relieved | K97: Involuntary | L97: Performance Related | M97: 18
A98: EMP1620 | B98: Exploring Infinities - Sales | C98: SALES | D98: Sales - English - India | E98: Director 2 | F98: Hyderabad | G98: WFH | H98: 46108 | J98: Active | M98: 95
A99: EMP1642 | B99: Exploring Infinities - Sales | C99: SALES | D99: Sales - English - India | E99: Director 2 | F99: Hyderabad | G99: WFH | H99: 45804 | I99: 46142 | J99: Relieved | K99: Involuntary | L99: Performance Related | M99: 338
A100: EMP1645 | B100: Exploring Infinities - Sales | C100: SALES | D100: Sales - English - India | E100: Director 2 | F100: Hyderabad | G100: WFH | H100: 46140 | I100: 46140 | J100: Relieved | K100: Voluntary | L100: Personal Reasons | M100: 0
...

Sheet Work_data
A1: Employee ID | B1: Business Unit | C1: Department | D1: Sub Department | E1: Reporting Director | F1: Location | G1: Work Mode (WFO/WFH) | H1: Date of Joining | I1: Date of Exit | J1: Employment Status | K1: Exit Type (Voluntary/Involuntary) | L1: Exit Reason Category | M1: Tenure in Days (as on 30-Jun-2026 / at exit) | N1: Exit _status | O1: Join_month | P1: exit_month | Q1: Voluntary_exit | R1: Involuntary_exit | S1: Tenure Bucket
A2: EMP1644 | B2: Exploring Infinities - Sales | C2: SALES | D2: Sales - English - India | E2: Director 2 | F2: Hyderabad | G2: WFH | H2: 46113 | I2: 46135 | J2: Relieved | K2: Voluntary | L2: Better Opportunity | M2: 22 | N2: =IF(J2="Relieved",1,0) -> 1 | O2: =TEXT(H2,"mm-yyyy") -> 04-2026 | P2: =IF(I2="","",TEXT(I2,"mm-yyyy")) -> 04-2026 | Q2: =IF(K2="Voluntary",1,0) -> 1 | R2: =IF(K2="Involuntary",1,0) -> 0 | S2: =IF(M2<90,"0-90",IF(M2<180,"90-180",IF(M2<365,"180-365","above 1 year"))) -> 0-90
A3: EMP1639 | B3: Exploring Infinities - Sales | C3: SALES | D3: Sales - English - India | E3: Director 2 | F3: Hyderabad | G3: WFH | H3: 45992 | I3: 46182 | J3: Relieved | K3: Involuntary | L3: Attendance / Discipline | M3: 190 | N3: =IF(J3="Relieved",1,0) -> 1 | O3: =TEXT(H3,"mm-yyyy") -> 12-2025 | P3: =IF(I3="","",TEXT(I3,"mm-yyyy")) -> 06-2026 | Q3: =IF(K3="Voluntary",1,0) -> 0 | R3: =IF(K3="Involuntary",1,0) -> 1 | S3: =IF(M3<90,"0-90",IF(M3<180,"90-180",IF(M3<365,"180-365","above 1 year"))) -> 180-365
A4: EMP1656 | B4: Exploring Infinities - Sales | C4: SALES | D4: Sales - English - India | E4: Director 2 | F4: Hyderabad | G4: WFH | H4: 46114 | J4: Active | M4: 89 | N4: =IF(J4="Relieved",1,0) -> 0 | O4: =TEXT(H4,"mm-yyyy") -> 04-2026 | P4: =IF(I4="","",TEXT(I4,"mm-yyyy")) | Q4: =IF(K4="Voluntary",1,0) -> 0 | R4: =IF(K4="Involuntary",1,0) -> 0 | S4: =IF(M4<90,"0-90",IF(M4<180,"90-180",IF(M4<365,"180-365","above 1 year"))) -> 0-90
A5: EMP1658 | B5: Exploring Infinities - Sales | C5: SALES | D5: Sales - English - India | E5: Director 2 | F5: Hyderabad | G5: WFH | H5: 46114 | J5: Active | M5: 89 | N5: =IF(J5="Relieved",1,0) -> 0 | O5: =TEXT(H5,"mm-yyyy") -> 04-2026 | P5: =IF(I5="","",TEXT(I5,"mm-yyyy")) | Q5: =IF(K5="Voluntary",1,0) -> 0 | R5: =IF(K5="Involuntary",1,0) -> 0 | S5: =IF(M5<90,"0-90",IF(M5<180,"90-180",IF(M5<365,"180-365","above 1 year"))) -> 0-90
A6: EMP1692 | B6: Exploring Infinities - Sales | C6: SALES | D6: Sales - English - India | E6: Director 2 | F6: Hyderabad | G6: WFH | H6: 46114 | I6: 46132 | J6: Relieved | K6: Voluntary | L6: Family Reasons | M6: 18 | N6: =IF(J6="Relieved",1,0) -> 1 | O6: =TEXT(H6,"mm-yyyy") -> 04-2026 | P6: =IF(I6="","",TEXT(I6,"mm-yyyy")) -> 04-2026 | Q6: =IF(K6="Voluntary",1,0) -> 1 | R6: =IF(K6="Involuntary",1,0) -> 0 | S6: =IF(M6<90,"0-90",IF(M6<180,"90-180",IF(M6<365,"180-365","above 1 year"))) -> 0-90
A7: EMP1693 | B7: Exploring Infinities - Sales | C7: SALES | D7: Sales - English - India | E7: Director 2 | F7: Hyderabad | G7: WFH | H7: 46114 | I7: 46161 | J7: Relieved | K7: Involuntary | L7: Attendance / Discipline | M7: 47 | N7: =IF(J7="Relieved",1,0) -> 1 | O7: =TEXT(H7,"mm-yyyy") -> 04-2026 | P7: =IF(I7="","",TEXT(I7,"mm-yyyy")) -> 05-2026 | Q7: =IF(K7="Voluntary",1,0) -> 0 | R7: =IF(K7="Involuntary",1,0) -> 1 | S7: =IF(M7<90,"0-90",IF(M7<180,"90-180",IF(M7<365,"180-365","above 1 year"))) -> 0-90
A8: EMP1694 | B8: Exploring Infinities - Sales | C8: SALES | D8: Sales - English - India | E8: Director 2 | F8: Hyderabad | G8: WFH | H8: 46114 | I8: 46121 | J8: Relieved | K8: Voluntary | L8: Relocation | M8: 7 | N8: =IF(J8="Relieved",1,0) -> 1 | O8: =TEXT(H8,"mm-yyyy") -> 04-2026 | P8: =IF(I8="","",TEXT(I8,"mm-yyyy")) -> 04-2026 | Q8: =IF(K8="Voluntary",1,0) -> 1 | R8: =IF(K8="Involuntary",1,0) -> 0 | S8: =IF(M8<90,"0-90",IF(M8<180,"90-180",IF(M8<365,"180-365","above 1 year"))) -> 0-90
A9: EMP1713 | B9: Exploring Infinities - Sales | C9: SALES | D9: Sales - English - India | E9: Director 2 | F9: Hyderabad | G9: WFH | H9: 46175 | J9: Active | M9: 28 | N9: =IF(J9="Relieved",1,0) -> 0 | O9: =TEXT(H9,"mm-yyyy") -> 06-2026 | P9: =IF(I9="","",TEXT(I9,"mm-yyyy")) | Q9: =IF(K9="Voluntary",1,0) -> 0 | R9: =IF(K9="Involuntary",1,0) -> 0 | S9: =IF(M9<90,"0-90",IF(M9<180,"90-180",IF(M9<365,"180-365","above 1 year"))) -> 0-90
A10: EMP1636 | B10: Exploring Infinities - Sales | C10: SALES | D10: Sales - English - India | E10: Director 2 | F10: Hyderabad | G10: WFH | H10: 45963 | J10: Active | M10: 240 | N10: =IF(J10="Relieved",1,0) -> 0 | O10: =TEXT(H10,"mm-yyyy") -> 11-2025 | P10: =IF(I10="","",TEXT(I10,"mm-yyyy")) | Q10: =IF(K10="Voluntary",1,0) -> 0 | R10: =IF(K10="Involuntary",1,0) -> 0 | S10: =IF(M10<90,"0-90",IF(M10<180,"90-180",IF(M10<365,"180-365","above 1 year"))) -> 180-365
A11: EMP1665 | B11: Exploring Infinities - Sales | C11: SALES | D11: Sales - English - India | E11: Director 2 | F11: Hyderabad | G11: WFH | H11: 46115 | I11: 46134 | J11: Relieved | K11: Voluntary | L11: Higher Studies | M11: 19 | N11: =IF(J11="Relieved",1,0) -> 1 | O11: =TEXT(H11,"mm-yyyy") -> 04-2026 | P11: =IF(I11="","",TEXT(I11,"mm-yyyy")) -> 04-2026 | Q11: =IF(K11="Voluntary",1,0) -> 1 | R11: =IF(K11="Involuntary",1,0) -> 0 | S11: =IF(M11<90,"0-90",IF(M11<180,"90-180",IF(M11<365,"180-365","above 1 year"))) -> 0-90
A12: EMP1711 | B12: Exploring Infinities - Sales | C12: SALES | D12: Sales - English - India | E12: Director 2 | F12: Hyderabad | G12: WFH | H12: 46176 | I12: 46195 | J12: Relieved | K12: Voluntary | L12: Family Reasons | M12: 19 | N12: =IF(J12="Relieved",1,0) -> 1 | O12: =TEXT(H12,"mm-yyyy") -> 06-2026 | P12: =IF(I12="","",TEXT(I12,"mm-yyyy")) -> 06-2026 | Q12: =IF(K12="Voluntary",1,0) -> 1 | R12: =IF(K12="Involuntary",1,0) -> 0 | S12: =IF(M12<90,"0-90",IF(M12<180,"90-180",IF(M12<365,"180-365","above 1 year"))) -> 0-90
A13: EMP1646 | B13: Exploring Infinities - Sales | C13: SALES | D13: Sales - English - India | E13: Director 2 | F13: Hyderabad | G13: WFH | H13: 46116 | I13: 46166 | J13: Relieved | K13: Involuntary | L13: Attendance / Discipline | M13: 50 | N13: =IF(J13="Relieved",1,0) -> 1 | O13: =TEXT(H13,"mm-yyyy") -> 04-2026 | P13: =IF(I13="","",TEXT(I13,"mm-yyyy")) -> 05-2026 | Q13: =IF(K13="Voluntary",1,0) -> 0 | R13: =IF(K13="Involuntary",1,0) -> 1 | S13: =IF(M13<90,"0-90",IF(M13<180,"90-180",IF(M13<365,"180-365","above 1 year"))) -> 0-90
A14: EMP1676 | B14: Exploring Infinities - Sales | C14: SALES | D14: Sales - English - India | E14: Director 2 | F14: Hyderabad | G14: WFH | H14: 46116 | I14: 46144 | J14: Relieved | K14: Involuntary | L14: Role Redundancy | M14: 28 | N14: =IF(J14="Relieved",1,0) -> 1 | O14: =TEXT(H14,"mm-yyyy") -> 04-2026 | P14: =IF(I14="","",TEXT(I14,"mm-yyyy")) -> 05-2026 | Q14: =IF(K14="Voluntary",1,0) -> 0 | R14: =IF(K14="Involuntary",1,0) -> 1 | S14: =IF(M14<90,"0-90",IF(M14<180,"90-180",IF(M14<365,"180-365","above 1 year"))) -> 0-90
A15: EMP1678 | B15: Exploring Infinities - Sales | C15: SALES | D15: Sales - English - India | E15: Director 2 | F15: Hyderabad | G15: WFH | H15: 46116 | I15: 46131 | J15: Relieved | K15: Voluntary | L15: Higher Studies | M15: 15 | N15: =IF(J15="Relieved",1,0) -> 1 | O15: =TEXT(H15,"mm-yyyy") -> 04-2026 | P15: =IF(I15="","",TEXT(I15,"mm-yyyy")) -> 04-2026 | Q15: =IF(K15="Voluntary",1,0) -> 1 | R15: =IF(K15="Involuntary",1,0) -> 0 | S15: =IF(M15<90,"0-90",IF(M15<180,"90-180",IF(M15<365,"180-365","above 1 year"))) -> 0-90
A16: EMP1628 | B16: Exploring Infinities - Sales | C16: SALES | D16: Sales - English - India | E16: Director 2 | F16: Hyderabad | G16: WFH | H16: 45781 | I16: 46164 | J16: Relieved | K16: Involuntary | L16: Policy Violation | M16: 383 | N16: =IF(J16="Relieved",1,0) -> 1 | O16: =TEXT(H16,"mm-yyyy") -> 05-2025 | P16: =IF(I16="","",TEXT(I16,"mm-yyyy")) -> 05-2026 | Q16: =IF(K16="Voluntary",1,0) -> 0 | R16: =IF(K16="Involuntary",1,0) -> 1 | S16: =IF(M16<90,"0-90",IF(M16<180,"90-180",IF(M16<365,"180-365","above 1 year"))) -> above 1 year
A17: EMP1648 | B17: Exploring Infinities - Sales | C17: SALES | D17: Sales - English - India | E17: Director 2 | F17: Hyderabad | G17: WFH | H17: 46117 | J17: Active | M17: 86 | N17: =IF(J17="Relieved",1,0) -> 0 | O17: =TEXT(H17,"mm-yyyy") -> 04-2026 | P17: =IF(I17="","",TEXT(I17,"mm-yyyy")) | Q17: =IF(K17="Voluntary",1,0) -> 0 | R17: =IF(K17="Involuntary",1,0) -> 0 | S17: =IF(M17<90,"0-90",IF(M17<180,"90-180",IF(M17<365,"180-365","above 1 year"))) -> 0-90
A18: EMP1677 | B18: Exploring Infinities - Sales | C18: SALES | D18: Sales - English - India | E18: Director 2 | F18: Hyderabad | G18: WFH | H18: 46117 | I18: 46126 | J18: Relieved | K18: Voluntary | L18: Family Reasons | M18: 9 | N18: =IF(J18="Relieved",1,0) -> 1 | O18: =TEXT(H18,"mm-yyyy") -> 04-2026 | P18: =IF(I18="","",TEXT(I18,"mm-yyyy")) -> 04-2026 | Q18: =IF(K18="Voluntary",1,0) -> 1 | R18: =IF(K18="Involuntary",1,0) -> 0 | S18: =IF(M18<90,"0-90",IF(M18<180,"90-180",IF(M18<365,"180-365","above 1 year"))) -> 0-90
A19: EMP1686 | B19: Exploring Infinities - Sales | C19: SALES | D19: Sales - English - India | E19: Director 2 | F19: Hyderabad | G19: WFH | H19: 46117 | J19: Active | M19: 86 | N19: =IF(J19="Relieved",1,0) -> 0 | O19: =TEXT(H19,"mm-yyyy") -> 04-2026 | P19: =IF(I19="","",TEXT(I19,"mm-yyyy")) | Q19: =IF(K19="Voluntary",1,0) -> 0 | R19: =IF(K19="Involuntary",1,0) -> 0 | S19: =IF(M19<90,"0-90",IF(M19<180,"90-180",IF(M19<365,"180-365","above 1 year"))) -> 0-90
A20: EMP1695 | B20: Exploring Infinities - Sales | C20: SALES | D20: Sales - English - India | E20: Director 2 | F20: Hyderabad | G20: WFH | H20: 46117 | I20: 46133 | J20: Relieved | K20: Voluntary | L20: Better Opportunity | M20: 16 | N20: =IF(J20="Relieved",1,0) -> 1 | O20: =TEXT(H20,"mm-yyyy") -> 04-2026 | P20: =IF(I20="","",TEXT(I20,"mm-yyyy")) -> 04-2026 | Q20: =IF(K20="Voluntary",1,0) -> 1 | R20: =IF(K20="Involuntary",1,0) -> 0 | S20: =IF(M20<90,"0-90",IF(M20<180,"90-180",IF(M20<365,"180-365","above 1 year"))) -> 0-90
A21: EMP1702 | B21: Exploring Infinities - Sales | C21: SALES | D21: Sales - English - India | E21: Director 2 | F21: Hyderabad | G21: WFH | H21: 46117 | I21: 46120 | J21: Relieved | K21: Voluntary | L21: Personal Reasons | M21: 3 | N21: =IF(J21="Relieved",1,0) -> 1 | O21: =TEXT(H21,"mm-yyyy") -> 04-2026 | P21: =IF(I21="","",TEXT(I21,"mm-yyyy")) -> 04-2026 | Q21: =IF(K21="Voluntary",1,0) -> 1 | R21: =IF(K21="Involuntary",1,0) -> 0 | S21: =IF(M21<90,"0-90",IF(M21<180,"90-180",IF(M21<365,"180-365","above 1 year"))) -> 0-90
A22: EMP1706 | B22: Exploring Infinities - Sales | C22: SALES | D22: Sales - English - India | E22: Director 2 | F22: Hyderabad | G22: WFH | H22: 46117 | I22: 46120 | J22: Relieved | K22: Voluntary | L22: Family Reasons | M22: 3 | N22: =IF(J22="Relieved",1,0) -> 1 | O22: =TEXT(H22,"mm-yyyy") -> 04-2026 | P22: =IF(I22="","",TEXT(I22,"mm-yyyy")) -> 04-2026 | Q22: =IF(K22="Voluntary",1,0) -> 1 | R22: =IF(K22="Involuntary",1,0) -> 0 | S22: =IF(M22<90,"0-90",IF(M22<180,"90-180",IF(M22<365,"180-365","above 1 year"))) -> 0-90
A23: EMP1611 | B23: Exploring Infinities - Sales | C23: SALES | D23: Sales - English - India | E23: Director 2 | F23: Hyderabad | G23: WFH | H23: 46027 | I23: 46167 | J23: Relieved | K23: Involuntary | L23: Attendance / Discipline | M23: 140 | N23: =IF(J23="Relieved",1,0) -> 1 | O23: =TEXT(H23,"mm-yyyy") -> 01-2026 | P23: =IF(I23="","",TEXT(I23,"mm-yyyy")) -> 05-2026 | Q23: =IF(K23="Voluntary",1,0) -> 0 | R23: =IF(K23="Involuntary",1,0) -> 1 | S23: =IF(M23<90,"0-90",IF(M23<180,"90-180",IF(M23<365,"180-365","above 1 year"))) -> 90-180
A24: EMP1661 | B24: Exploring Infinities - Sales | C24: SALES | D24: Sales - English - India | E24: Director 2 | F24: Hyderabad | G24: WFH | H24: 46119 | J24: Active | M24: 84 | N24: =IF(J24="Relieved",1,0) -> 0 | O24: =TEXT(H24,"mm-yyyy") -> 04-2026 | P24: =IF(I24="","",TEXT(I24,"mm-yyyy")) | Q24: =IF(K24="Voluntary",1,0) -> 0 | R24: =IF(K24="Involuntary",1,0) -> 0 | S24: =IF(M24<90,"0-90",IF(M24<180,"90-180",IF(M24<365,"180-365","above 1 year"))) -> 0-90
A25: EMP1687 | B25: Exploring Infinities - Sales | C25: SALES | D25: Sales - English - India | E25: Director 2 | F25: Hyderabad | G25: WFH | H25: 46119 | I25: 46166 | J25: Relieved | K25: Involuntary | L25: Performance Related | M25: 47 | N25: =IF(J25="Relieved",1,0) -> 1 | O25: =TEXT(H25,"mm-yyyy") -> 04-2026 | P25: =IF(I25="","",TEXT(I25,"mm-yyyy")) -> 05-2026 | Q25: =IF(K25="Voluntary",1,0) -> 0 | R25: =IF(K25="Involuntary",1,0) -> 1 | S25: =IF(M25<90,"0-90",IF(M25<180,"90-180",IF(M25<365,"180-365","above 1 year"))) -> 0-90
A26: EMP1621 | B26: Exploring Infinities - Sales | C26: SALES | D26: Sales - English - India | E26: Director 2 | F26: Hyderabad | G26: WFH | H26: 45815 | I26: 46122 | J26: Relieved | K26: Involuntary | L26: Role Redundancy | M26: 307 | N26: =IF(J26="Relieved",1,0) -> 1 | O26: =TEXT(H26,"mm-yyyy") -> 06-2025 | P26: =IF(I26="","",TEXT(I26,"mm-yyyy")) -> 04-2026 | Q26: =IF(K26="Voluntary",1,0) -> 0 | R26: =IF(K26="Involuntary",1,0) -> 1 | S26: =IF(M26<90,"0-90",IF(M26<180,"90-180",IF(M26<365,"180-365","above 1 year"))) -> 180-365
A27: EMP1613 | B27: Exploring Infinities - Sales | C27: SALES | D27: Sales - English - India | E27: Director 2 | F27: Hyderabad | G27: WFH | H27: 45755 | I27: 46119 | J27: Relieved | K27: Voluntary | L27: Better Opportunity | M27: 364 | N27: =IF(J27="Relieved",1,0) -> 1 | O27: =TEXT(H27,"mm-yyyy") -> 04-2025 | P27: =IF(I27="","",TEXT(I27,"mm-yyyy")) -> 04-2026 | Q27: =IF(K27="Voluntary",1,0) -> 1 | R27: =IF(K27="Involuntary",1,0) -> 0 | S27: =IF(M27<90,"0-90",IF(M27<180,"90-180",IF(M27<365,"180-365","above 1 year"))) -> 180-365
A28: EMP1638 | B28: Exploring Infinities - Sales | C28: SALES | D28: Sales - English - India | E28: Director 2 | F28: Hyderabad | G28: WFH | H28: 46089 | I28: 46131 | J28: Relieved | K28: Involuntary | L28: Performance Related | M28: 42 | N28: =IF(J28="Relieved",1,0) -> 1 | O28: =TEXT(H28,"mm-yyyy") -> 03-2026 | P28: =IF(I28="","",TEXT(I28,"mm-yyyy")) -> 04-2026 | Q28: =IF(K28="Voluntary",1,0) -> 0 | R28: =IF(K28="Involuntary",1,0) -> 1 | S28: =IF(M28<90,"0-90",IF(M28<180,"90-180",IF(M28<365,"180-365","above 1 year"))) -> 0-90
A29: EMP1650 | B29: Exploring Infinities - Sales | C29: SALES | D29: Sales - English - India | E29: Director 2 | F29: Hyderabad | G29: WFH | H29: 46121 | I29: 46157 | J29: Relieved | K29: Voluntary | L29: Family Reasons | M29: 36 | N29: =IF(J29="Relieved",1,0) -> 1 | O29: =TEXT(H29,"mm-yyyy") -> 04-2026 | P29: =IF(I29="","",TEXT(I29,"mm-yyyy")) -> 05-2026 | Q29: =IF(K29="Voluntary",1,0) -> 1 | R29: =IF(K29="Involuntary",1,0) -> 0 | S29: =IF(M29<90,"0-90",IF(M29<180,"90-180",IF(M29<365,"180-365","above 1 year"))) -> 0-90
A30: EMP1671 | B30: Exploring Infinities - Sales | C30: SALES | D30: Sales - English - India | E30: Director 2 | F30: Hyderabad | G30: WFH | H30: 46121 | I30: 46124 | J30: Relieved | K30: Voluntary | L30: Health Reasons | M30: 3 | N30: =IF(J30="Relieved",1,0) -> 1 | O30: =TEXT(H30,"mm-yyyy") -> 04-2026 | P30: =IF(I30="","",TEXT(I30,"mm-yyyy")) -> 04-2026 | Q30: =IF(K30="Voluntary",1,0) -> 1 | R30: =IF(K30="Involuntary",1,0) -> 0 | S30: =IF(M30<90,"0-90",IF(M30<180,"90-180",IF(M30<365,"180-365","above 1 year"))) -> 0-90
A31: EMP1664 | B31: Exploring Infinities - Sales | C31: SALES | D31: Sales - English - India | E31: Director 2 | F31: Hyderabad | G31: WFH | H31: 46122 | I31: 46148 | J31: Relieved | K31: Involuntary | L31: Policy Violation | M31: 26 | N31: =IF(J31="Relieved",1,0) -> 1 | O31: =TEXT(H31,"mm-yyyy") -> 04-2026 | P31: =IF(I31="","",TEXT(I31,"mm-yyyy")) -> 05-2026 | Q31: =IF(K31="Voluntary",1,0) -> 0 | R31: =IF(K31="Involuntary",1,0) -> 1 | S31: =IF(M31<90,"0-90",IF(M31<180,"90-180",IF(M31<365,"180-365","above 1 year"))) -> 0-90
A32: EMP1612 | B32: Exploring Infinities - Sales | C32: SALES | D32: Sales - English - India | E32: Director 2 | F32: Hyderabad | G32: WFH | H32: 45818 | I32: 46144 | J32: Relieved | K32: Involuntary | L32: Attendance / Discipline | M32: 326 | N32: =IF(J32="Relieved",1,0) -> 1 | O32: =TEXT(H32,"mm-yyyy") -> 06-2025 | P32: =IF(I32="","",TEXT(I32,"mm-yyyy")) -> 05-2026 | Q32: =IF(K32="Voluntary",1,0) -> 0 | R32: =IF(K32="Involuntary",1,0) -> 1 | S32: =IF(M32<90,"0-90",IF(M32<180,"90-180",IF(M32<365,"180-365","above 1 year"))) -> 180-365
A33: EMP1682 | B33: Exploring Infinities - Sales | C33: SALES | D33: Sales - English - India | E33: Director 2 | F33: Hyderabad | G33: WFH | H33: 46123 | I33: 46165 | J33: Relieved | K33: Involuntary | L33: Role Redundancy | M33: 42 | N33: =IF(J33="Relieved",1,0) -> 1 | O33: =TEXT(H33,"mm-yyyy") -> 04-2026 | P33: =IF(I33="","",TEXT(I33,"mm-yyyy")) -> 05-2026 | Q33: =IF(K33="Voluntary",1,0) -> 0 | R33: =IF(K33="Involuntary",1,0) -> 1 | S33: =IF(M33<90,"0-90",IF(M33<180,"90-180",IF(M33<365,"180-365","above 1 year"))) -> 0-90
A34: EMP1697 | B34: Exploring Infinities - Sales | C34: SALES | D34: Sales - English - India | E34: Director 2 | F34: Hyderabad | G34: WFH | H34: 46123 | I34: 46123 | J34: Relieved | K34: Voluntary | L34: Personal Reasons | M34: 0 | N34: =IF(J34="Relieved",1,0) -> 1 | O34: =TEXT(H34,"mm-yyyy") -> 04-2026 | P34: =IF(I34="","",TEXT(I34,"mm-yyyy")) -> 04-2026 | Q34: =IF(K34="Voluntary",1,0) -> 1 | R34: =IF(K34="Involuntary",1,0) -> 0 | S34: =IF(M34<90,"0-90",IF(M34<180,"90-180",IF(M34<365,"180-365","above 1 year"))) -> 0-90
A35: EMP1640 | B35: Exploring Infinities - Sales | C35: SALES | D35: Sales - English - India | E35: Director 2 | F35: Hyderabad | G35: WFH | H35: 46002 | I35: 46142 | J35: Relieved | K35: Involuntary | L35: Policy Violation | M35: 140 | N35: =IF(J35="Relieved",1,0) -> 1 | O35: =TEXT(H35,"mm-yyyy") -> 12-2025 | P35: =IF(I35="","",TEXT(I35,"mm-yyyy")) -> 04-2026 | Q35: =IF(K35="Voluntary",1,0) -> 0 | R35: =IF(K35="Involuntary",1,0) -> 1 | S35: =IF(M35<90,"0-90",IF(M35<180,"90-180",IF(M35<365,"180-365","above 1 year"))) -> 90-180
A36: EMP1635 | B36: Exploring Infinities - Sales | C36: SALES | D36: Sales - English - India | E36: Director 2 | F36: Hyderabad | G36: WFH | H36: 45911 | I36: 46133 | J36: Relieved | K36: Involuntary | L36: Attendance / Discipline | M36: 222 | N36: =IF(J36="Relieved",1,0) -> 1 | O36: =TEXT(H36,"mm-yyyy") -> 09-2025 | P36: =IF(I36="","",TEXT(I36,"mm-yyyy")) -> 04-2026 | Q36: =IF(K36="Voluntary",1,0) -> 0 | R36: =IF(K36="Involuntary",1,0) -> 1 | S36: =IF(M36<90,"0-90",IF(M36<180,"90-180",IF(M36<365,"180-365","above 1 year"))) -> 180-365
A37: EMP1652 | B37: Exploring Infinities - Sales | C37: SALES | D37: Sales - English - India | E37: Director 2 | F37: Hyderabad | G37: WFH | H37: 46124 | J37: Active | M37: 79 | N37: =IF(J37="Relieved",1,0) -> 0 | O37: =TEXT(H37,"mm-yyyy") -> 04-2026 | P37: =IF(I37="","",TEXT(I37,"mm-yyyy")) | Q37: =IF(K37="Voluntary",1,0) -> 0 | R37: =IF(K37="Involuntary",1,0) -> 0 | S37: =IF(M37<90,"0-90",IF(M37<180,"90-180",IF(M37<365,"180-365","above 1 year"))) -> 0-90
A38: EMP1655 | B38: Exploring Infinities - Sales | C38: SALES | D38: Sales - English - India | E38: Director 2 | F38: Hyderabad | G38: WFH | H38: 46124 | I38: 46173 | J38: Relieved | K38: Voluntary | L38: Higher Studies | M38: 49 | N38: =IF(J38="Relieved",1,0) -> 1 | O38: =TEXT(H38,"mm-yyyy") -> 04-2026 | P38: =IF(I38="","",TEXT(I38,"mm-yyyy")) -> 05-2026 | Q38: =IF(K38="Voluntary",1,0) -> 1 | R38: =IF(K38="Involuntary",1,0) -> 0 | S38: =IF(M38<90,"0-90",IF(M38<180,"90-180",IF(M38<365,"180-365","above 1 year"))) -> 0-90
A39: EMP1662 | B39: Exploring Infinities - Sales | C39: SALES | D39: Sales - English - India | E39: Director 2 | F39: Hyderabad | G39: WFH | H39: 46124 | I39: 46164 | J39: Relieved | K39: Involuntary | L39: Performance Related | M39: 40 | N39: =IF(J39="Relieved",1,0) -> 1 | O39: =TEXT(H39,"mm-yyyy") -> 04-2026 | P39: =IF(I39="","",TEXT(I39,"mm-yyyy")) -> 05-2026 | Q39: =IF(K39="Voluntary",1,0) -> 0 | R39: =IF(K39="Involuntary",1,0) -> 1 | S39: =IF(M39<90,"0-90",IF(M39<180,"90-180",IF(M39<365,"180-365","above 1 year"))) -> 0-90
A40: EMP1680 | B40: Exploring Infinities - Sales | C40: SALES | D40: Sales - English - India | E40: Director 2 | F40: Hyderabad | G40: WFH | H40: 46124 | J40: Active | M40: 79 | N40: =IF(J40="Relieved",1,0) -> 0 | O40: =TEXT(H40,"mm-yyyy") -> 04-2026 | P40: =IF(I40="","",TEXT(I40,"mm-yyyy")) | Q40: =IF(K40="Voluntary",1,0) -> 0 | R40: =IF(K40="Involuntary",1,0) -> 0 | S40: =IF(M40<90,"0-90",IF(M40<180,"90-180",IF(M40<365,"180-365","above 1 year"))) -> 0-90
A41: EMP1684 | B41: Exploring Infinities - Sales | C41: SALES | D41: Sales - English - India | E41: Director 2 | F41: Hyderabad | G41: WFH | H41: 46124 | J41: Active | M41: 79 | N41: =IF(J41="Relieved",1,0) -> 0 | O41: =TEXT(H41,"mm-yyyy") -> 04-2026 | P41: =IF(I41="","",TEXT(I41,"mm-yyyy")) | Q41: =IF(K41="Voluntary",1,0) -> 0 | R41: =IF(K41="Involuntary",1,0) -> 0 | S41: =IF(M41<90,"0-90",IF(M41<180,"90-180",IF(M41<365,"180-365","above 1 year"))) -> 0-90
A42: EMP1623 | B42: Exploring Infinities - Sales | C42: SALES | D42: Sales - English - India | E42: Director 2 | F42: Hyderabad | G42: WFH | H42: 45669 | I42: 46126 | J42: Relieved | K42: Involuntary | L42: Attendance / Discipline | M42: 457 | N42: =IF(J42="Relieved",1,0) -> 1 | O42: =TEXT(H42,"mm-yyyy") -> 01-2025 | P42: =IF(I42="","",TEXT(I42,"mm-yyyy")) -> 04-2026 | Q42: =IF(K42="Voluntary",1,0) -> 0 | R42: =IF(K42="Involuntary",1,0) -> 1 | S42: =IF(M42<90,"0-90",IF(M42<180,"90-180",IF(M42<365,"180-365","above 1 year"))) -> above 1 year
A43: EMP1709 | B43: Exploring Infinities - Sales | C43: SALES | D43: Sales - English - India | E43: Director 2 | F43: Hyderabad | G43: WFH | H43: 46185 | I43: 46191 | J43: Relieved | K43: Voluntary | L43: Health Reasons | M43: 6 | N43: =IF(J43="Relieved",1,0) -> 1 | O43: =TEXT(H43,"mm-yyyy") -> 06-2026 | P43: =IF(I43="","",TEXT(I43,"mm-yyyy")) -> 06-2026 | Q43: =IF(K43="Voluntary",1,0) -> 1 | R43: =IF(K43="Involuntary",1,0) -> 0 | S43: =IF(M43<90,"0-90",IF(M43<180,"90-180",IF(M43<365,"180-365","above 1 year"))) -> 0-90
A44: EMP1622 | B44: Exploring Infinities - Sales | C44: SALES | D44: Sales - English - India | E44: Director 2 | F44: Hyderabad | G44: WFH | H44: 45912 | J44: Active | M44: 291 | N44: =IF(J44="Relieved",1,0) -> 0 | O44: =TEXT(H44,"mm-yyyy") -> 09-2025 | P44: =IF(I44="","",TEXT(I44,"mm-yyyy")) | Q44: =IF(K44="Voluntary",1,0) -> 0 | R44: =IF(K44="Involuntary",1,0) -> 0 | S44: =IF(M44<90,"0-90",IF(M44<180,"90-180",IF(M44<365,"180-365","above 1 year"))) -> 180-365
A45: EMP1654 | B45: Exploring Infinities - Sales | C45: SALES | D45: Sales - English - India | E45: Director 2 | F45: Hyderabad | G45: WFH | H45: 46125 | I45: 46159 | J45: Relieved | K45: Involuntary | L45: Role Redundancy | M45: 34 | N45: =IF(J45="Relieved",1,0) -> 1 | O45: =TEXT(H45,"mm-yyyy") -> 04-2026 | P45: =IF(I45="","",TEXT(I45,"mm-yyyy")) -> 05-2026 | Q45: =IF(K45="Voluntary",1,0) -> 0 | R45: =IF(K45="Involuntary",1,0) -> 1 | S45: =IF(M45<90,"0-90",IF(M45<180,"90-180",IF(M45<365,"180-365","above 1 year"))) -> 0-90
A46: EMP1657 | B46: Exploring Infinities - Sales | C46: SALES | D46: Sales - English - India | E46: Director 2 | F46: Hyderabad | G46: WFH | H46: 46125 | I46: 46146 | J46: Relieved | K46: Involuntary | L46: Attendance / Discipline | M46: 21 | N46: =IF(J46="Relieved",1,0) -> 1 | O46: =TEXT(H46,"mm-yyyy") -> 04-2026 | P46: =IF(I46="","",TEXT(I46,"mm-yyyy")) -> 05-2026 | Q46: =IF(K46="Voluntary",1,0) -> 0 | R46: =IF(K46="Involuntary",1,0) -> 1 | S46: =IF(M46<90,"0-90",IF(M46<180,"90-180",IF(M46<365,"180-365","above 1 year"))) -> 0-90
A47: EMP1666 | B47: Exploring Infinities - Sales | C47: SALES | D47: Sales - English - India | E47: Director 2 | F47: Hyderabad | G47: WFH | H47: 46125 | J47: Active | M47: 78 | N47: =IF(J47="Relieved",1,0) -> 0 | O47: =TEXT(H47,"mm-yyyy") -> 04-2026 | P47: =IF(I47="","",TEXT(I47,"mm-yyyy")) | Q47: =IF(K47="Voluntary",1,0) -> 0 | R47: =IF(K47="Involuntary",1,0) -> 0 | S47: =IF(M47<90,"0-90",IF(M47<180,"90-180",IF(M47<365,"180-365","above 1 year"))) -> 0-90
A48: EMP1679 | B48: Exploring Infinities - Sales | C48: SALES | D48: Sales - English - India | E48: Director 2 | F48: Hyderabad | G48: WFH | H48: 46125 | I48: 46142 | J48: Relieved | K48: Voluntary | L48: Higher Studies | M48: 17 | N48: =IF(J48="Relieved",1,0) -> 1 | O48: =TEXT(H48,"mm-yyyy") -> 04-2026 | P48: =IF(I48="","",TEXT(I48,"mm-yyyy")) -> 04-2026 | Q48: =IF(K48="Voluntary",1,0) -> 1 | R48: =IF(K48="Involuntary",1,0) -> 0 | S48: =IF(M48<90,"0-90",IF(M48<180,"90-180",IF(M48<365,"180-365","above 1 year"))) -> 0-90
A49: EMP1690 | B49: Exploring Infinities - Sales | C49: SALES | D49: Sales - English - India | E49: Director 2 | F49: Hyderabad | G49: WFH | H49: 46125 | I49: 46136 | J49: Relieved | K49: Voluntary | L49: Health Reasons | M49: 11 | N49: =IF(J49="Relieved",1,0) -> 1 | O49: =TEXT(H49,"mm-yyyy") -> 04-2026 | P49: =IF(I49="","",TEXT(I49,"mm-yyyy")) -> 04-2026 | Q49: =IF(K49="Voluntary",1,0) -> 1 | R49: =IF(K49="Involuntary",1,0) -> 0 | S49: =IF(M49<90,"0-90",IF(M49<180,"90-180",IF(M49<365,"180-365","above 1 year"))) -> 0-90
A50: EMP1616 | B50: Exploring Infinities - Sales | C50: SALES | D50: Sales - English - India | E50: Director 2 | F50: Hyderabad | G50: WFH | H50: 45913 | I50: 46113 | J50: Relieved | K50: Involuntary | L50: Policy Violation | M50: 200 | N50: =IF(J50="Relieved",1,0) -> 1 | O50: =TEXT(H50,"mm-yyyy") -> 09-2025 | P50: =IF(I50="","",TEXT(I50,"mm-yyyy")) -> 04-2026 | Q50: =IF(K50="Voluntary",1,0) -> 0 | R50: =IF(K50="Involuntary",1,0) -> 1 | S50: =IF(M50<90,"0-90",IF(M50<180,"90-180",IF(M50<365,"180-365","above 1 year"))) -> 180-365
A51: EMP1619 | B51: Exploring Infinities - Sales | C51: SALES | D51: Sales - English - India | E51: Director 2 | F51: Hyderabad | G51: WFH | H51: 45913 | I51: 46118 | J51: Relieved | K51: Involuntary | L51: Policy Violation | M51: 205 | N51: =IF(J51="Relieved",1,0) -> 1 | O51: =TEXT(H51,"mm-yyyy") -> 09-2025 | P51: =IF(I51="","",TEXT(I51,"mm-yyyy")) -> 04-2026 | Q51: =IF(K51="Voluntary",1,0) -> 0 | R51: =IF(K51="Involuntary",1,0) -> 1 | S51: =IF(M51<90,"0-90",IF(M51<180,"90-180",IF(M51<365,"180-365","above 1 year"))) -> 180-365
A52: EMP1647 | B52: Exploring Infinities - Sales | C52: SALES | D52: Sales - English - India | E52: Director 2 | F52: Hyderabad | G52: WFH | H52: 46126 | I52: 46181 | J52: Relieved | K52: Involuntary | L52: Role Redundancy | M52: 55 | N52: =IF(J52="Relieved",1,0) -> 1 | O52: =TEXT(H52,"mm-yyyy") -> 04-2026 | P52: =IF(I52="","",TEXT(I52,"mm-yyyy")) -> 06-2026 | Q52: =IF(K52="Voluntary",1,0) -> 0 | R52: =IF(K52="Involuntary",1,0) -> 1 | S52: =IF(M52<90,"0-90",IF(M52<180,"90-180",IF(M52<365,"180-365","above 1 year"))) -> 0-90
A53: EMP1668 | B53: Exploring Infinities - Sales | C53: SALES | D53: Sales - English - India | E53: Director 2 | F53: Hyderabad | G53: WFH | H53: 46127 | I53: 46156 | J53: Relieved | K53: Involuntary | L53: Role Redundancy | M53: 29 | N53: =IF(J53="Relieved",1,0) -> 1 | O53: =TEXT(H53,"mm-yyyy") -> 04-2026 | P53: =IF(I53="","",TEXT(I53,"mm-yyyy")) -> 05-2026 | Q53: =IF(K53="Voluntary",1,0) -> 0 | R53: =IF(K53="Involuntary",1,0) -> 1 | S53: =IF(M53<90,"0-90",IF(M53<180,"90-180",IF(M53<365,"180-365","above 1 year"))) -> 0-90
A54: EMP1701 | B54: Exploring Infinities - Sales | C54: SALES | D54: Sales - English - India | E54: Director 2 | F54: Hyderabad | G54: WFH | H54: 46127 | I54: 46134 | J54: Relieved | K54: Voluntary | L54: Relocation | M54: 7 | N54: =IF(J54="Relieved",1,0) -> 1 | O54: =TEXT(H54,"mm-yyyy") -> 04-2026 | P54: =IF(I54="","",TEXT(I54,"mm-yyyy")) -> 04-2026 | Q54: =IF(K54="Voluntary",1,0) -> 1 | R54: =IF(K54="Involuntary",1,0) -> 0 | S54: =IF(M54<90,"0-90",IF(M54<180,"90-180",IF(M54<365,"180-365","above 1 year"))) -> 0-90
A55: EMP1699 | B55: Exploring Infinities - Sales | C55: SALES | D55: Sales - English - India | E55: Director 2 | F55: Hyderabad | G55: WFH | H55: 46128 | I55: 46169 | J55: Relieved | K55: Involuntary | L55: Performance Related | M55: 41 | N55: =IF(J55="Relieved",1,0) -> 1 | O55: =TEXT(H55,"mm-yyyy") -> 04-2026 | P55: =IF(I55="","",TEXT(I55,"mm-yyyy")) -> 05-2026 | Q55: =IF(K55="Voluntary",1,0) -> 0 | R55: =IF(K55="Involuntary",1,0) -> 1 | S55: =IF(M55<90,"0-90",IF(M55<180,"90-180",IF(M55<365,"180-365","above 1 year"))) -> 0-90
A56: EMP1624 | B56: Exploring Infinities - Sales | C56: SALES | D56: Sales - English - India | E56: Director 2 | F56: Hyderabad | G56: WFH | H56: 45704 | I56: 46139 | J56: Relieved | K56: Involuntary | L56: Role Redundancy | M56: 435 | N56: =IF(J56="Relieved",1,0) -> 1 | O56: =TEXT(H56,"mm-yyyy") -> 02-2025 | P56: =IF(I56="","",TEXT(I56,"mm-yyyy")) -> 04-2026 | Q56: =IF(K56="Voluntary",1,0) -> 0 | R56: =IF(K56="Involuntary",1,0) -> 1 | S56: =IF(M56<90,"0-90",IF(M56<180,"90-180",IF(M56<365,"180-365","above 1 year"))) -> above 1 year
A57: EMP1626 | B57: Exploring Infinities - Sales | C57: SALES | D57: Sales - English - India | E57: Director 2 | F57: Hyderabad | G57: WFH | H57: 45916 | I57: 46203 | J57: Relieved | K57: Involuntary | L57: Performance Related | M57: 287 | N57: =IF(J57="Relieved",1,0) -> 1 | O57: =TEXT(H57,"mm-yyyy") -> 09-2025 | P57: =IF(I57="","",TEXT(I57,"mm-yyyy")) -> 06-2026 | Q57: =IF(K57="Voluntary",1,0) -> 0 | R57: =IF(K57="Involuntary",1,0) -> 1 | S57: =IF(M57<90,"0-90",IF(M57<180,"90-180",IF(M57<365,"180-365","above 1 year"))) -> 180-365
A58: EMP1667 | B58: Exploring Infinities - Sales | C58: SALES | D58: Sales - English - India | E58: Director 2 | F58: Hyderabad | G58: WFH | H58: 46129 | I58: 46157 | J58: Relieved | K58: Involuntary | L58: Attendance / Discipline | M58: 28 | N58: =IF(J58="Relieved",1,0) -> 1 | O58: =TEXT(H58,"mm-yyyy") -> 04-2026 | P58: =IF(I58="","",TEXT(I58,"mm-yyyy")) -> 05-2026 | Q58: =IF(K58="Voluntary",1,0) -> 0 | R58: =IF(K58="Involuntary",1,0) -> 1 | S58: =IF(M58<90,"0-90",IF(M58<180,"90-180",IF(M58<365,"180-365","above 1 year"))) -> 0-90
A59: EMP1689 | B59: Exploring Infinities - Sales | C59: SALES | D59: Sales - English - India | E59: Director 2 | F59: Hyderabad | G59: WFH | H59: 46129 | I59: 46162 | J59: Relieved | K59: Voluntary | L59: Better Opportunity | M59: 33 | N59: =IF(J59="Relieved",1,0) -> 1 | O59: =TEXT(H59,"mm-yyyy") -> 04-2026 | P59: =IF(I59="","",TEXT(I59,"mm-yyyy")) -> 05-2026 | Q59: =IF(K59="Voluntary",1,0) -> 1 | R59: =IF(K59="Involuntary",1,0) -> 0 | S59: =IF(M59<90,"0-90",IF(M59<180,"90-180",IF(M59<365,"180-365","above 1 year"))) -> 0-90
A60: EMP1691 | B60: Exploring Infinities - Sales | C60: SALES | D60: Sales - English - India | E60: Director 2 | F60: Hyderabad | G60: WFH | H60: 46129 | I60: 46160 | J60: Relieved | K60: Involuntary | L60: Role Redundancy | M60: 31 | N60: =IF(J60="Relieved",1,0) -> 1 | O60: =TEXT(H60,"mm-yyyy") -> 04-2026 | P60: =IF(I60="","",TEXT(I60,"mm-yyyy")) -> 05-2026 | Q60: =IF(K60="Voluntary",1,0) -> 0 | R60: =IF(K60="Involuntary",1,0) -> 1 | S60: =IF(M60<90,"0-90",IF(M60<180,"90-180",IF(M60<365,"180-365","above 1 year"))) -> 0-90
A61: EMP1700 | B61: Exploring Infinities - Sales | C61: SALES | D61: Sales - English - India | E61: Director 2 | F61: Hyderabad | G61: WFH | H61: 46129 | J61: Active | M61: 74 | N61: =IF(J61="Relieved",1,0) -> 0 | O61: =TEXT(H61,"mm-yyyy") -> 04-2026 | P61: =IF(I61="","",TEXT(I61,"mm-yyyy")) | Q61: =IF(K61="Voluntary",1,0) -> 0 | R61: =IF(K61="Involuntary",1,0) -> 0 | S61: =IF(M61<90,"0-90",IF(M61<180,"90-180",IF(M61<365,"180-365","above 1 year"))) -> 0-90
A62: EMP1705 | B62: Exploring Infinities - Sales | C62: SALES | D62: Sales - English - India | E62: Director 2 | F62: Hyderabad | G62: WFH | H62: 46129 | I62: 46175 | J62: Relieved | K62: Involuntary | L62: Role Redundancy | M62: 46 | N62: =IF(J62="Relieved",1,0) -> 1 | O62: =TEXT(H62,"mm-yyyy") -> 04-2026 | P62: =IF(I62="","",TEXT(I62,"mm-yyyy")) -> 06-2026 | Q62: =IF(K62="Voluntary",1,0) -> 0 | R62: =IF(K62="Involuntary",1,0) -> 1 | S62: =IF(M62<90,"0-90",IF(M62<180,"90-180",IF(M62<365,"180-365","above 1 year"))) -> 0-90
A63: EMP1609 | B63: Exploring Infinities - Sales | C63: SALES | D63: Sales - English - India | E63: Director 2 | F63: Hyderabad | G63: WFH | H63: 45825 | I63: 46200 | J63: Relieved | K63: Involuntary | L63: Attendance / Discipline | M63: 375 | N63: =IF(J63="Relieved",1,0) -> 1 | O63: =TEXT(H63,"mm-yyyy") -> 06-2025 | P63: =IF(I63="","",TEXT(I63,"mm-yyyy")) -> 06-2026 | Q63: =IF(K63="Voluntary",1,0) -> 0 | R63: =IF(K63="Involuntary",1,0) -> 1 | S63: =IF(M63<90,"0-90",IF(M63<180,"90-180",IF(M63<365,"180-365","above 1 year"))) -> above 1 year
A64: EMP1708 | B64: Exploring Infinities - Sales | C64: SALES | D64: Sales - English - India | E64: Director 2 | F64: Hyderabad | G64: WFH | H64: 46159 | I64: 46159 | J64: Relieved | K64: Voluntary | L64: Relocation | M64: 0 | N64: =IF(J64="Relieved",1,0) -> 1 | O64: =TEXT(H64,"mm-yyyy") -> 05-2026 | P64: =IF(I64="","",TEXT(I64,"mm-yyyy")) -> 05-2026 | Q64: =IF(K64="Voluntary",1,0) -> 1 | R64: =IF(K64="Involuntary",1,0) -> 0 | S64: =IF(M64<90,"0-90",IF(M64<180,"90-180",IF(M64<365,"180-365","above 1 year"))) -> 0-90
A65: EMP1643 | B65: Exploring Infinities - Sales | C65: SALES | D65: Sales - English - India | E65: Director 2 | F65: Hyderabad | G65: WFH | H65: 46130 | I65: 46159 | J65: Relieved | K65: Involuntary | L65: Role Redundancy | M65: 29 | N65: =IF(J65="Relieved",1,0) -> 1 | O65: =TEXT(H65,"mm-yyyy") -> 04-2026 | P65: =IF(I65="","",TEXT(I65,"mm-yyyy")) -> 05-2026 | Q65: =IF(K65="Voluntary",1,0) -> 0 | R65: =IF(K65="Involuntary",1,0) -> 1 | S65: =IF(M65<90,"0-90",IF(M65<180,"90-180",IF(M65<365,"180-365","above 1 year"))) -> 0-90
A66: EMP1660 | B66: Exploring Infinities - Sales | C66: SALES | D66: Sales - English - India | E66: Director 2 | F66: Hyderabad | G66: WFH | H66: 46130 | I66: 46130 | J66: Relieved | K66: Voluntary | L66: Family Reasons | M66: 0 | N66: =IF(J66="Relieved",1,0) -> 1 | O66: =TEXT(H66,"mm-yyyy") -> 04-2026 | P66: =IF(I66="","",TEXT(I66,"mm-yyyy")) -> 04-2026 | Q66: =IF(K66="Voluntary",1,0) -> 1 | R66: =IF(K66="Involuntary",1,0) -> 0 | S66: =IF(M66<90,"0-90",IF(M66<180,"90-180",IF(M66<365,"180-365","above 1 year"))) -> 0-90
A67: EMP1663 | B67: Exploring Infinities - Sales | C67: SALES | D67: Sales - English - India | E67: Director 2 | F67: Hyderabad | G67: WFH | H67: 46130 | I67: 46130 | J67: Relieved | K67: Voluntary | L67: Relocation | M67: 0 | N67: =IF(J67="Relieved",1,0) -> 1 | O67: =TEXT(H67,"mm-yyyy") -> 04-2026 | P67: =IF(I67="","",TEXT(I67,"mm-yyyy")) -> 04-2026 | Q67: =IF(K67="Voluntary",1,0) -> 1 | R67: =IF(K67="Involuntary",1,0) -> 0 | S67: =IF(M67<90,"0-90",IF(M67<180,"90-180",IF(M67<365,"180-365","above 1 year"))) -> 0-90
A68: EMP1670 | B68: Exploring Infinities - Sales | C68: SALES | D68: Sales - English - India | E68: Director 2 | F68: Hyderabad | G68: WFH | H68: 46130 | I68: 46185 | J68: Relieved | K68: Involuntary | L68: Attendance / Discipline | M68: 55 | N68: =IF(J68="Relieved",1,0) -> 1 | O68: =TEXT(H68,"mm-yyyy") -> 04-2026 | P68: =IF(I68="","",TEXT(I68,"mm-yyyy")) -> 06-2026 | Q68: =IF(K68="Voluntary",1,0) -> 0 | R68: =IF(K68="Involuntary",1,0) -> 1 | S68: =IF(M68<90,"0-90",IF(M68<180,"90-180",IF(M68<365,"180-365","above 1 year"))) -> 0-90
A69: EMP1683 | B69: Exploring Infinities - Sales | C69: SALES | D69: Sales - English - India | E69: Director 2 | F69: Hyderabad | G69: WFH | H69: 46130 | I69: 46170 | J69: Relieved | K69: Involuntary | L69: Role Redundancy | M69: 40 | N69: =IF(J69="Relieved",1,0) -> 1 | O69: =TEXT(H69,"mm-yyyy") -> 04-2026 | P69: =IF(I69="","",TEXT(I69,"mm-yyyy")) -> 05-2026 | Q69: =IF(K69="Voluntary",1,0) -> 0 | R69: =IF(K69="Involuntary",1,0) -> 1 | S69: =IF(M69<90,"0-90",IF(M69<180,"90-180",IF(M69<365,"180-365","above 1 year"))) -> 0-90
A70: EMP1712 | B70: Exploring Infinities - Sales | C70: SALES | D70: Sales - English - India | E70: Director 2 | F70: Hyderabad | G70: WFH | H70: 46191 | I70: 46200 | J70: Relieved | K70: Voluntary | L70: Personal Reasons | M70: 9 | N70: =IF(J70="Relieved",1,0) -> 1 | O70: =TEXT(H70,"mm-yyyy") -> 06-2026 | P70: =IF(I70="","",TEXT(I70,"mm-yyyy")) -> 06-2026 | Q70: =IF(K70="Voluntary",1,0) -> 1 | R70: =IF(K70="Involuntary",1,0) -> 0 | S70: =IF(M70<90,"0-90",IF(M70<180,"90-180",IF(M70<365,"180-365","above 1 year"))) -> 0-90
A71: EMP1659 | B71: Exploring Infinities - Sales | C71: SALES | D71: Sales - English - India | E71: Director 2 | F71: Hyderabad | G71: WFH | H71: 46131 | I71: 46168 | J71: Relieved | K71: Involuntary | L71: Performance Related | M71: 37 | N71: =IF(J71="Relieved",1,0) -> 1 | O71: =TEXT(H71,"mm-yyyy") -> 04-2026 | P71: =IF(I71="","",TEXT(I71,"mm-yyyy")) -> 05-2026 | Q71: =IF(K71="Voluntary",1,0) -> 0 | R71: =IF(K71="Involuntary",1,0) -> 1 | S71: =IF(M71<90,"0-90",IF(M71<180,"90-180",IF(M71<365,"180-365","above 1 year"))) -> 0-90
A72: EMP1673 | B72: Exploring Infinities - Sales | C72: SALES | D72: Sales - English - India | E72: Director 2 | F72: Hyderabad | G72: WFH | H72: 46132 | J72: Active | M72: 71 | N72: =IF(J72="Relieved",1,0) -> 0 | O72: =TEXT(H72,"mm-yyyy") -> 04-2026 | P72: =IF(I72="","",TEXT(I72,"mm-yyyy")) | Q72: =IF(K72="Voluntary",1,0) -> 0 | R72: =IF(K72="Involuntary",1,0) -> 0 | S72: =IF(M72<90,"0-90",IF(M72<180,"90-180",IF(M72<365,"180-365","above 1 year"))) -> 0-90
A73: EMP1675 | B73: Exploring Infinities - Sales | C73: SALES | D73: Sales - English - India | E73: Director 2 | F73: Hyderabad | G73: WFH | H73: 46132 | J73: Active | M73: 71 | N73: =IF(J73="Relieved",1,0) -> 0 | O73: =TEXT(H73,"mm-yyyy") -> 04-2026 | P73: =IF(I73="","",TEXT(I73,"mm-yyyy")) | Q73: =IF(K73="Voluntary",1,0) -> 0 | R73: =IF(K73="Involuntary",1,0) -> 0 | S73: =IF(M73<90,"0-90",IF(M73<180,"90-180",IF(M73<365,"180-365","above 1 year"))) -> 0-90
A74: EMP1688 | B74: Exploring Infinities - Sales | C74: SALES | D74: Sales - English - India | E74: Director 2 | F74: Hyderabad | G74: WFH | H74: 46132 | I74: 46132 | J74: Relieved | K74: Voluntary | L74: Higher Studies | M74: 0 | N74: =IF(J74="Relieved",1,0) -> 1 | O74: =TEXT(H74,"mm-yyyy") -> 04-2026 | P74: =IF(I74="","",TEXT(I74,"mm-yyyy")) -> 04-2026 | Q74: =IF(K74="Voluntary",1,0) -> 1 | R74: =IF(K74="Involuntary",1,0) -> 0 | S74: =IF(M74<90,"0-90",IF(M74<180,"90-180",IF(M74<365,"180-365","above 1 year"))) -> 0-90
A75: EMP1703 | B75: Exploring Infinities - Sales | C75: SALES | D75: Sales - English - India | E75: Director 2 | F75: Hyderabad | G75: WFH | H75: 46132 | I75: 46155 | J75: Relieved | K75: Involuntary | L75: Policy Violation | M75: 23 | N75: =IF(J75="Relieved",1,0) -> 1 | O75: =TEXT(H75,"mm-yyyy") -> 04-2026 | P75: =IF(I75="","",TEXT(I75,"mm-yyyy")) -> 05-2026 | Q75: =IF(K75="Voluntary",1,0) -> 0 | R75: =IF(K75="Involuntary",1,0) -> 1 | S75: =IF(M75<90,"0-90",IF(M75<180,"90-180",IF(M75<365,"180-365","above 1 year"))) -> 0-90
A76: EMP1629 | B76: Exploring Infinities - Sales | C76: SALES | D76: Sales - English - India | E76: Director 2 | F76: Hyderabad | G76: WFH | H76: 45768 | I76: 46145 | J76: Relieved | K76: Involuntary | L76: Role Redundancy | M76: 377 | N76: =IF(J76="Relieved",1,0) -> 1 | O76: =TEXT(H76,"mm-yyyy") -> 04-2025 | P76: =IF(I76="","",TEXT(I76,"mm-yyyy")) -> 05-2026 | Q76: =IF(K76="Voluntary",1,0) -> 0 | R76: =IF(K76="Involuntary",1,0) -> 1 | S76: =IF(M76<90,"0-90",IF(M76<180,"90-180",IF(M76<365,"180-365","above 1 year"))) -> above 1 year
A77: EMP1608 | B77: Exploring Infinities - Sales | C77: SALES | D77: Sales - English - India | E77: Director 2 | F77: Hyderabad | G77: WFH | H77: 46074 | I77: 46128 | J77: Relieved | K77: Voluntary | L77: Family Reasons | M77: 54 | N77: =IF(J77="Relieved",1,0) -> 1 | O77: =TEXT(H77,"mm-yyyy") -> 02-2026 | P77: =IF(I77="","",TEXT(I77,"mm-yyyy")) -> 04-2026 | Q77: =IF(K77="Voluntary",1,0) -> 1 | R77: =IF(K77="Involuntary",1,0) -> 0 | S77: =IF(M77<90,"0-90",IF(M77<180,"90-180",IF(M77<365,"180-365","above 1 year"))) -> 0-90
A78: EMP1625 | B78: Exploring Infinities - Sales | C78: SALES | D78: Sales - English - India | E78: Director 2 | F78: Hyderabad | G78: WFH | H78: 45859 | I78: 46130 | J78: Relieved | K78: Involuntary | L78: Performance Related | M78: 271 | N78: =IF(J78="Relieved",1,0) -> 1 | O78: =TEXT(H78,"mm-yyyy") -> 07-2025 | P78: =IF(I78="","",TEXT(I78,"mm-yyyy")) -> 04-2026 | Q78: =IF(K78="Voluntary",1,0) -> 0 | R78: =IF(K78="Involuntary",1,0) -> 1 | S78: =IF(M78<90,"0-90",IF(M78<180,"90-180",IF(M78<365,"180-365","above 1 year"))) -> 180-365
A79: EMP1617 | B79: Exploring Infinities - Sales | C79: SALES | D79: Sales - English - India | E79: Director 2 | F79: Hyderabad | G79: WFH | H79: 45921 | I79: 46133 | J79: Relieved | K79: Involuntary | L79: Role Redundancy | M79: 212 | N79: =IF(J79="Relieved",1,0) -> 1 | O79: =TEXT(H79,"mm-yyyy") -> 09-2025 | P79: =IF(I79="","",TEXT(I79,"mm-yyyy")) -> 04-2026 | Q79: =IF(K79="Voluntary",1,0) -> 0 | R79: =IF(K79="Involuntary",1,0) -> 1 | S79: =IF(M79<90,"0-90",IF(M79<180,"90-180",IF(M79<365,"180-365","above 1 year"))) -> 180-365
A80: EMP1674 | B80: Exploring Infinities - Sales | C80: SALES | D80: Sales - English - India | E80: Director 2 | F80: Hyderabad | G80: WFH | H80: 46134 | I80: 46134 | J80: Relieved | K80: Voluntary | L80: Personal Reasons | M80: 0 | N80: =IF(J80="Relieved",1,0) -> 1 | O80: =TEXT(H80,"mm-yyyy") -> 04-2026 | P80: =IF(I80="","",TEXT(I80,"mm-yyyy")) -> 04-2026 | Q80: =IF(K80="Voluntary",1,0) -> 1 | R80: =IF(K80="Involuntary",1,0) -> 0 | S80: =IF(M80<90,"0-90",IF(M80<180,"90-180",IF(M80<365,"180-365","above 1 year"))) -> 0-90
A81: EMP1696 | B81: Exploring Infinities - Sales | C81: SALES | D81: Sales - English - India | E81: Director 2 | F81: Hyderabad | G81: WFH | H81: 46135 | I81: 46139 | J81: Relieved | K81: Voluntary | L81: Relocation | M81: 4 | N81: =IF(J81="Relieved",1,0) -> 1 | O81: =TEXT(H81,"mm-yyyy") -> 04-2026 | P81: =IF(I81="","",TEXT(I81,"mm-yyyy")) -> 04-2026 | Q81: =IF(K81="Voluntary",1,0) -> 1 | R81: =IF(K81="Involuntary",1,0) -> 0 | S81: =IF(M81<90,"0-90",IF(M81<180,"90-180",IF(M81<365,"180-365","above 1 year"))) -> 0-90
A82: EMP1627 | B82: Exploring Infinities - Sales | C82: SALES | D82: Sales - English - India | E82: Director 2 | F82: Hyderabad | G82: WFH | H82: 45892 | I82: 46142 | J82: Relieved | K82: Involuntary | L82: Performance Related | M82: 250 | N82: =IF(J82="Relieved",1,0) -> 1 | O82: =TEXT(H82,"mm-yyyy") -> 08-2025 | P82: =IF(I82="","",TEXT(I82,"mm-yyyy")) -> 04-2026 | Q82: =IF(K82="Voluntary",1,0) -> 0 | R82: =IF(K82="Involuntary",1,0) -> 1 | S82: =IF(M82<90,"0-90",IF(M82<180,"90-180",IF(M82<365,"180-365","above 1 year"))) -> 180-365
A83: EMP1710 | B83: Exploring Infinities - Sales | C83: SALES | D83: Sales - English - India | E83: Director 2 | F83: Hyderabad | G83: WFH | H83: 46196 | I83: 46196 | J83: Relieved | K83: Voluntary | L83: Health Reasons | M83: 0 | N83: =IF(J83="Relieved",1,0) -> 1 | O83: =TEXT(H83,"mm-yyyy") -> 06-2026 | P83: =IF(I83="","",TEXT(I83,"mm-yyyy")) -> 06-2026 | Q83: =IF(K83="Voluntary",1,0) -> 1 | R83: =IF(K83="Involuntary",1,0) -> 0 | S83: =IF(M83<90,"0-90",IF(M83<180,"90-180",IF(M83<365,"180-365","above 1 year"))) -> 0-90
A84: EMP1615 | B84: Exploring Infinities - Sales | C84: SALES | D84: Sales - English - India | E84: Director 2 | F84: Hyderabad | G84: WFH | H84: 45739 | I84: 46142 | J84: Relieved | K84: Involuntary | L84: Attendance / Discipline | M84: 403 | N84: =IF(J84="Relieved",1,0) -> 1 | O84: =TEXT(H84,"mm-yyyy") -> 03-2025 | P84: =IF(I84="","",TEXT(I84,"mm-yyyy")) -> 04-2026 | Q84: =IF(K84="Voluntary",1,0) -> 0 | R84: =IF(K84="Involuntary",1,0) -> 1 | S84: =IF(M84<90,"0-90",IF(M84<180,"90-180",IF(M84<365,"180-365","above 1 year"))) -> above 1 year
A85: EMP1610 | B85: Exploring Infinities - Sales | C85: SALES | D85: Sales - English - India | E85: Director 2 | F85: Hyderabad | G85: WFH | H85: 45953 | I85: 46159 | J85: Relieved | K85: Involuntary | L85: Policy Violation | M85: 206 | N85: =IF(J85="Relieved",1,0) -> 1 | O85: =TEXT(H85,"mm-yyyy") -> 10-2025 | P85: =IF(I85="","",TEXT(I85,"mm-yyyy")) -> 05-2026 | Q85: =IF(K85="Voluntary",1,0) -> 0 | R85: =IF(K85="Involuntary",1,0) -> 1 | S85: =IF(M85<90,"0-90",IF(M85<180,"90-180",IF(M85<365,"180-365","above 1 year"))) -> 180-365
A86: EMP1651 | B86: Exploring Infinities - Sales | C86: SALES | D86: Sales - English - India | E86: Director 2 | F86: Hyderabad | G86: WFH | H86: 46136 | J86: Active | M86: 67 | N86: =IF(J86="Relieved",1,0) -> 0 | O86: =TEXT(H86,"mm-yyyy") -> 04-2026 | P86: =IF(I86="","",TEXT(I86,"mm-yyyy")) | Q86: =IF(K86="Voluntary",1,0) -> 0 | R86: =IF(K86="Involuntary",1,0) -> 0 | S86: =IF(M86<90,"0-90",IF(M86<180,"90-180",IF(M86<365,"180-365","above 1 year"))) -> 0-90
A87: EMP1653 | B87: Exploring Infinities - Sales | C87: SALES | D87: Sales - English - India | E87: Director 2 | F87: Hyderabad | G87: WFH | H87: 46137 | I87: 46150 | J87: Relieved | K87: Voluntary | L87: Higher Studies | M87: 13 | N87: =IF(J87="Relieved",1,0) -> 1 | O87: =TEXT(H87,"mm-yyyy") -> 04-2026 | P87: =IF(I87="","",TEXT(I87,"mm-yyyy")) -> 05-2026 | Q87: =IF(K87="Voluntary",1,0) -> 1 | R87: =IF(K87="Involuntary",1,0) -> 0 | S87: =IF(M87<90,"0-90",IF(M87<180,"90-180",IF(M87<365,"180-365","above 1 year"))) -> 0-90
A88: EMP1669 | B88: Exploring Infinities - Sales | C88: SALES | D88: Sales - English - India | E88: Director 2 | F88: Hyderabad | G88: WFH | H88: 46137 | I88: 46145 | J88: Relieved | K88: Involuntary | L88: Performance Related | M88: 8 | N88: =IF(J88="Relieved",1,0) -> 1 | O88: =TEXT(H88,"mm-yyyy") -> 04-2026 | P88: =IF(I88="","",TEXT(I88,"mm-yyyy")) -> 05-2026 | Q88: =IF(K88="Voluntary",1,0) -> 0 | R88: =IF(K88="Involuntary",1,0) -> 1 | S88: =IF(M88<90,"0-90",IF(M88<180,"90-180",IF(M88<365,"180-365","above 1 year"))) -> 0-90
A89: EMP1685 | B89: Exploring Infinities - Sales | C89: SALES | D89: Sales - English - India | E89: Director 2 | F89: Hyderabad | G89: WFH | H89: 46137 | I89: 46137 | J89: Relieved | K89: Voluntary | L89: Health Reasons | M89: 0 | N89: =IF(J89="Relieved",1,0) -> 1 | O89: =TEXT(H89,"mm-yyyy") -> 04-2026 | P89: =IF(I89="","",TEXT(I89,"mm-yyyy")) -> 04-2026 | Q89: =IF(K89="Voluntary",1,0) -> 1 | R89: =IF(K89="Involuntary",1,0) -> 0 | S89: =IF(M89<90,"0-90",IF(M89<180,"90-180",IF(M89<365,"180-365","above 1 year"))) -> 0-90
A90: EMP1632 | B90: Exploring Infinities - Sales | C90: SALES | D90: Sales - English - India | E90: Director 2 | F90: Hyderabad | G90: WFH | H90: 45682 | I90: 46141 | J90: Relieved | K90: Involuntary | L90: Performance Related | M90: 459 | N90: =IF(J90="Relieved",1,0) -> 1 | O90: =TEXT(H90,"mm-yyyy") -> 01-2025 | P90: =IF(I90="","",TEXT(I90,"mm-yyyy")) -> 04-2026 | Q90: =IF(K90="Voluntary",1,0) -> 0 | R90: =IF(K90="Involuntary",1,0) -> 1 | S90: =IF(M90<90,"0-90",IF(M90<180,"90-180",IF(M90<365,"180-365","above 1 year"))) -> above 1 year
A91: EMP1634 | B91: Exploring Infinities - Sales | C91: SALES | D91: Sales - English - India | E91: Director 2 | F91: Hyderabad | G91: WFH | H91: 45802 | I91: 46141 | J91: Relieved | K91: Involuntary | L91: Attendance / Discipline | M91: 339 | N91: =IF(J91="Relieved",1,0) -> 1 | O91: =TEXT(H91,"mm-yyyy") -> 05-2025 | P91: =IF(I91="","",TEXT(I91,"mm-yyyy")) -> 04-2026 | Q91: =IF(K91="Voluntary",1,0) -> 0 | R91: =IF(K91="Involuntary",1,0) -> 1 | S91: =IF(M91<90,"0-90",IF(M91<180,"90-180",IF(M91<365,"180-365","above 1 year"))) -> 180-365
A92: EMP1681 | B92: Exploring Infinities - Sales | C92: SALES | D92: Sales - English - India | E92: Director 2 | F92: Hyderabad | G92: WFH | H92: 46138 | I92: 46158 | J92: Relieved | K92: Voluntary | L92: Higher Studies | M92: 20 | N92: =IF(J92="Relieved",1,0) -> 1 | O92: =TEXT(H92,"mm-yyyy") -> 04-2026 | P92: =IF(I92="","",TEXT(I92,"mm-yyyy")) -> 05-2026 | Q92: =IF(K92="Voluntary",1,0) -> 1 | R92: =IF(K92="Involuntary",1,0) -> 0 | S92: =IF(M92<90,"0-90",IF(M92<180,"90-180",IF(M92<365,"180-365","above 1 year"))) -> 0-90
A93: EMP1698 | B93: Exploring Infinities - Sales | C93: SALES | D93: Sales - English - India | E93: Director 2 | F93: Hyderabad | G93: WFH | H93: 46138 | I93: 46193 | J93: Relieved | K93: Involuntary | L93: Performance Related | M93: 55 | N93: =IF(J93="Relieved",1,0) -> 1 | O93: =TEXT(H93,"mm-yyyy") -> 04-2026 | P93: =IF(I93="","",TEXT(I93,"mm-yyyy")) -> 06-2026 | Q93: =IF(K93="Voluntary",1,0) -> 0 | R93: =IF(K93="Involuntary",1,0) -> 1 | S93: =IF(M93<90,"0-90",IF(M93<180,"90-180",IF(M93<365,"180-365","above 1 year"))) -> 0-90
A94: EMP1633 | B94: Exploring Infinities - Sales | C94: SALES | D94: Sales - English - India | E94: Director 2 | F94: Hyderabad | G94: WFH | H94: 45683 | I94: 46123 | J94: Relieved | K94: Voluntary | L94: Better Opportunity | M94: 440 | N94: =IF(J94="Relieved",1,0) -> 1 | O94: =TEXT(H94,"mm-yyyy") -> 01-2025 | P94: =IF(I94="","",TEXT(I94,"mm-yyyy")) -> 04-2026 | Q94: =IF(K94="Voluntary",1,0) -> 1 | R94: =IF(K94="Involuntary",1,0) -> 0 | S94: =IF(M94<90,"0-90",IF(M94<180,"90-180",IF(M94<365,"180-365","above 1 year"))) -> above 1 year
A95: EMP1614 | B95: Exploring Infinities - Sales | C95: SALES | D95: Sales - English - India | E95: Director 2 | F95: Hyderabad | G95: WFH | H95: 46048 | I95: 46161 | J95: Relieved | K95: Involuntary | L95: Performance Related | M95: 113 | N95: =IF(J95="Relieved",1,0) -> 1 | O95: =TEXT(H95,"mm-yyyy") -> 01-2026 | P95: =IF(I95="","",TEXT(I95,"mm-yyyy")) -> 05-2026 | Q95: =IF(K95="Voluntary",1,0) -> 0 | R95: =IF(K95="Involuntary",1,0) -> 1 | S95: =IF(M95<90,"0-90",IF(M95<180,"90-180",IF(M95<365,"180-365","above 1 year"))) -> 90-180
A96: EMP1630 | B96: Exploring Infinities - Sales | C96: SALES | D96: Sales - English - India | E96: Director 2 | F96: Hyderabad | G96: WFH | H96: 45956 | I96: 46138 | J96: Relieved | K96: Involuntary | L96: Role Redundancy | M96: 182 | N96: =IF(J96="Relieved",1,0) -> 1 | O96: =TEXT(H96,"mm-yyyy") -> 10-2025 | P96: =IF(I96="","",TEXT(I96,"mm-yyyy")) -> 04-2026 | Q96: =IF(K96="Voluntary",1,0) -> 0 | R96: =IF(K96="Involuntary",1,0) -> 1 | S96: =IF(M96<90,"0-90",IF(M96<180,"90-180",IF(M96<365,"180-365","above 1 year"))) -> 180-365
A97: EMP1672 | B97: Exploring Infinities - Sales | C97: SALES | D97: Sales - English - India | E97: Director 2 | F97: Hyderabad | G97: WFH | H97: 46139 | I97: 46157 | J97: Relieved | K97: Involuntary | L97: Performance Related | M97: 18 | N97: =IF(J97="Relieved",1,0) -> 1 | O97: =TEXT(H97,"mm-yyyy") -> 04-2026 | P97: =IF(I97="","",TEXT(I97,"mm-yyyy")) -> 05-2026 | Q97: =IF(K97="Voluntary",1,0) -> 0 | R97: =IF(K97="Involuntary",1,0) -> 1 | S97: =IF(M97<90,"0-90",IF(M97<180,"90-180",IF(M97<365,"180-365","above 1 year"))) -> 0-90
A98: EMP1620 | B98: Exploring Infinities - Sales | C98: SALES | D98: Sales - English - India | E98: Director 2 | F98: Hyderabad | G98: WFH | H98: 46108 | J98: Active | M98: 95 | N98: =IF(J98="Relieved",1,0) -> 0 | O98: =TEXT(H98,"mm-yyyy") -> 03-2026 | P98: =IF(I98="","",TEXT(I98,"mm-yyyy")) | Q98: =IF(K98="Voluntary",1,0) -> 0 | R98: =IF(K98="Involuntary",1,0) -> 0 | S98: =IF(M98<90,"0-90",IF(M98<180,"90-180",IF(M98<365,"180-365","above 1 year"))) -> 90-180
A99: EMP1642 | B99: Exploring Infinities - Sales | C99: SALES | D99: Sales - English - India | E99: Director 2 | F99: Hyderabad | G99: WFH | H99: 45804 | I99: 46142 | J99: Relieved | K99: Involuntary | L99: Performance Related | M99: 338 | N99: =IF(J99="Relieved",1,0) -> 1 | O99: =TEXT(H99,"mm-yyyy") -> 05-2025 | P99: =IF(I99="","",TEXT(I99,"mm-yyyy")) -> 04-2026 | Q99: =IF(K99="Voluntary",1,0) -> 0 | R99: =IF(K99="Involuntary",1,0) -> 1 | S99: =IF(M99<90,"0-90",IF(M99<180,"90-180",IF(M99<365,"180-365","above 1 year"))) -> 180-365
A100: EMP1645 | B100: Exploring Infinities - Sales | C100: SALES | D100: Sales - English - India | E100: Director 2 | F100: Hyderabad | G100: WFH | H100: 46140 | I100: 46140 | J100: Relieved | K100: Voluntary | L100: Personal Reasons | M100: 0 | N100: =IF(J100="Relieved",1,0) -> 1 | O100: =TEXT(H100,"mm-yyyy") -> 04-2026 | P100: =IF(I100="","",TEXT(I100,"mm-yyyy")) -> 04-2026 | Q100: =IF(K100="Voluntary",1,0) -> 1 | R100: =IF(K100="Involuntary",1,0) -> 0 | S100: =IF(M100<90,"0-90",IF(M100<180,"90-180",IF(M100<365,"180-365","above 1 year"))) -> 0-90
...

Sheet Sheet3
A1: Actions taken:
A2: Added Helper columns
A3: changed data type to short date for "Date of joining" and "Date of exit" columns

Sheet Dashboard
E2: Emplpyee Attrition Dashboard
E3: April - June 2026 || | G3: MIS Analysis
B5: Opening Headcount | D5: Closing Headcount | F5: Average Headcount | H5: June's Attrition %
B6: ='Monthly Summary table'!B3 -> 335 | D6: ='Monthly Summary table'!D4 -> 332 | F6: =AVERAGE('Monthly Summary table'!B5:D5) -> 373.16667 | I6: ='Monthly Summary table'!D8 -> 0.53276353

Sheet Monthly Summary table
A1: Monthly Summary Table | L1: Voluntary attrition % | M1: Involuntary attrition %
A2: Metric | B2: 46113 | C2: 46143 | D2: 46174 | K2: 46113 | L2: =B11 -> 0.26754967 | M2: =B12 -> 0.2013245
A3: Opening Headcount | B3: =COUNTIFS(Work_data!H:H,"<="&DATE(2026,4,1),Work_data!I:I,">="&DATE(2026,4,1))+COUNTIFS(Work_data!H:H,"<="&DATE(2026,4,1),Work_data!I:I,"") -> 335 | C3: =COUNTIFS(Work_data!H:H,"<="&DATE(2026,5,1),Work_data!I:I,">="&DATE(2026,5,1))+COUNTIFS(Work_data!H:H,"<="&DATE(2026,5,1),Work_data!I:I,"") -> 409 | D3: =COUNTIFS(Work_data!H:H,"<="&DATE(2026,6,1),Work_data!I:I,">="&DATE(2026,6,1))+COUNTIFS(Work_data!H:H,"<="&DATE(2026,6,1),Work_data!I:I,"") -> 370 | K3: 46143 | L3: =C11 -> 0.24040921 | M3: =C12 -> 0.29411765
A4: Closing Headcount | B4: =COUNTIFS(Work_data!H:H,"<="&DATE(2026,4,30),Work_data!I:I,">="&DATE(2026,4,30))+COUNTIFS(Work_data!H:H,"<="&DATE(2026,4,30),Work_data!I:I,"") -> 420 | C4: =COUNTIFS(Work_data!H:H,"<="&DATE(2026,5,31),Work_data!I:I,">="&DATE(2026,5,31))+COUNTIFS(Work_data!H:H,"<="&DATE(2026,5,31),Work_data!I:I,"") -> 373 | D4: =COUNTIFS(Work_data!H:H,"<="&DATE(2026,6,30),Work_data!I:I,">="&DATE(2026,6,30))+COUNTIFS(Work_data!H:H,"<="&DATE(2026,6,31),Work_data!I:I,"") -> 332 | K4: 46174 | L4: =D11 -> 0.27065527 | M4: =D12 -> 0.26210826
A5: Average Headcount | B5: =(B3+B4)/2 -> 377.5 | C5: =(C3+C4)/2 -> 391 | D5: =(D3+D4)/2 -> 351
A6: Joiners | B6: =COUNTIFS(Work_data!H:H,">="&DATE(2026,4,1),Work_data!H:H,"<="&DATE(2026,4,30)) -> 257 | C6: =COUNTIFS(Work_data!H:H,">="&DATE(2026,5,1),Work_data!H:H,"<="&DATE(2026,5,31)) -> 166 | D6: =COUNTIFS(Work_data!H:H,">="&DATE(2026,6,1),Work_data!H:H,"<="&DATE(2026,6,30)) -> 148
A7: Exits | B7: =COUNTIFS(Work_data!I:I,">="&DATE(2026,4,1),Work_data!I:I,"<="&DATE(2026,4,30)) -> 177 | C7: =COUNTIFS(Work_data!I:I,">="&DATE(2026,5,1),Work_data!I:I,"<="&DATE(2026,5,31)) -> 209 | D7: =COUNTIFS(Work_data!I:I,">="&DATE(2026,6,1),Work_data!I:I,"<="&DATE(2026,6,30)) -> 187
A8: Attrition % | B8: =B7/B5 -> 0.46887417 | C8: =C7/C5 -> 0.53452685 | D8: =D7/D5 -> 0.53276353
A9: Voluntary exits | B9: =COUNTIFS(Work_data!I:I,">="&DATE(2026,4,1),Work_data!I:I,"<="&DATE(2026,4,30),Work_data!K:K,"Voluntary") -> 101 | C9: =COUNTIFS(Work_data!I:I,">="&DATE(2026,5,1),Work_data!I:I,"<="&DATE(2026,5,31),Work_data!K:K,"Voluntary") -> 94 | D9: =COUNTIFS(Work_data!I:I,">="&DATE(2026,6,1),Work_data!I:I,"<="&DATE(2026,6,30),Work_data!K:K,"Voluntary") -> 95
A10: Involuntary exits | B10: =COUNTIFS(Work_data!I:I,">="&DATE(2026,4,1),Work_data!I:I,"<="&DATE(2026,4,30),Work_data!K:K,"Involuntary") -> 76 | C10: =COUNTIFS(Work_data!I:I,">="&DATE(2026,5,1),Work_data!I:I,"<="&DATE(2026,5,31),Work_data!K:K,"Involuntary") -> 115 | D10: =COUNTIFS(Work_data!I:I,">="&DATE(2026,6,1),Work_data!I:I,"<="&DATE(2026,6,30),Work_data!K:K,"Involuntary") -> 92
A11: Voluntary attrition % | B11: =B9/B5 -> 0.26754967 | C11: =C9/C5 -> 0.24040921 | D11: =D9/D5 -> 0.27065527
A12: Involuntary attrition % | B12: =B10/B5 -> 0.2013245 | C12: =C10/C5 -> 0.29411765 | D12: =D10/D5 -> 0.26210826

Sheet Sub-departments
A1: Sub-Departments : | B1: 46113 | C1: 46143 | D1: 46174
A2: Sales - English - India | B2: 0.52849741 | C2: 0.73493976 | D2: 0.2745098
A3: Sales - India | B3: 0.46075949 | C3: 0.50900901 | D3: 0.61503417
A4: Sales - ROW - ANZ | B4: 0.4 | C4: 0.42666667 | D4: 0.35820896
A5: Sales - ROW - GCC | B5: 0.43478261 | C5: 0.39175258 | D5: 0.55319149

Sheet Sales - English - India
A1: Analysis for -- | B1: Sales - English - India
A3: Monthly Summary Table
A4: Metric | B4: 46113 | C4: 46143 | D4: 46174
A5: Opening Headcount | B5: =COUNTIFS(Work_data!D:D,'Sales - English - India'!B1,Work_data!H:H,"<="&DATE(2026,4,1),Work_data!I:I,">="&DATE(2026,4,1))+COUNTIFS(Work_data!D:D,'Sales - English - India'!B1,Work_data!H:H,"<="&DATE(2026,4,1),Work_data!I:I,"") -> 76 | C5: =COUNTIFS(Work_data!D:D,'Sales - English - India'!B1,Work_data!H:H,"<="&DATE(2026,5,1),Work_data!I:I,">="&DATE(2026,5,1))+COUNTIFS(Work_data!D:D,'Sales - English - India'!B1,Work_data!H:H,"<="&DATE(2026,5,1),Work_data!I:I,"") -> 110 | D5: =COUNTIFS(Work_data!D:D,'Sales - English - India'!B1,Work_data!H:H,"<="&DATE(2026,6,1),Work_data!I:I,">="&DATE(2026,6,1))+COUNTIFS(Work_data!D:D,'Sales - English - India'!B1,Work_data!H:H,"<="&DATE(2026,6,1),Work_data!I:I,"") -> 53
A6: Closing Headcount | B6: =COUNTIFS(Work_data!D:D,'Sales - English - India'!B1,Work_data!H:H,"<="&DATE(2026,4,30),Work_data!I:I,">="&DATE(2026,4,30))+COUNTIFS(Work_data!D:D,'Sales - English - India'!B1,Work_data!H:H,"<="&DATE(2026,4,30),Work_data!I:I,"") -> 117 | C6: =COUNTIFS(Work_data!D:D,'Sales - English - India'!B1,Work_data!H:H,"<="&DATE(2026,5,31),Work_data!I:I,">="&DATE(2026,5,31))+COUNTIFS(Work_data!D:D,'Sales - English - India'!B1,Work_data!H:H,"<="&DATE(2026,5,31),Work_data!I:I,"") -> 56 | D6: =COUNTIFS(Work_data!D:D,'Sales - English - India'!B1,Work_data!H:H,"<="&DATE(2026,6,30),Work_data!I:I,">="&DATE(2026,6,30))+COUNTIFS(Work_data!D:D,'Sales - English - India'!B1,Work_data!H:H,"<="&DATE(2026,6,30),Work_data!I:I,"") -> 49
A7: Average Headcount | B7: =(B5+B6)/2 -> 96.5 | C7: =(C5+C6)/2 -> 83 | D7: =(D5+D6)/2 -> 51
A8: Joiners | B8: =COUNTIFS(Work_data!D:D,'Sales - English - India'!B1,Work_data!H:H,">="&DATE(2026,4,1),Work_data!H:H,"<="&DATE(2026,4,30)) -> 86 | C8: =COUNTIFS(Work_data!D:D,'Sales - English - India'!B1,Work_data!H:H,">="&DATE(2026,5,1),Work_data!H:H,"<="&DATE(2026,5,31)) -> 4 | D8: =COUNTIFS(Work_data!D:D,'Sales - English - India'!B1,Work_data!H:H,">="&DATE(2026,6,1),Work_data!H:H,"<="&DATE(2026,6,30)) -> 8
A9: Exits | B9: =COUNTIFS(Work_data!D:D,'Sales - English - India'!B1,Work_data!I:I,">="&DATE(2026,4,1),Work_data!I:I,"<="&DATE(2026,4,30)) -> 51 | C9: =COUNTIFS(Work_data!D:D,'Sales - English - India'!B1,Work_data!I:I,">="&DATE(2026,5,1),Work_data!I:I,"<="&DATE(2026,5,31)) -> 61 | D9: =COUNTIFS(Work_data!D:D,'Sales - English - India'!B1,Work_data!I:I,">="&DATE(2026,6,1),Work_data!I:I,"<="&DATE(2026,6,30)) -> 14
A10: Attrition % | B10: =B9/B7 -> 0.52849741 | C10: =C9/C7 -> 0.73493976 | D10: =D9/D7 -> 0.2745098
A11: Voluntary exits | B11: =COUNTIFS(Work_data!D:D,'Sales - English - India'!B1,Work_data!I:I,">="&DATE(2026,4,1),Work_data!I:I,"<="&DATE(2026,4,30),Work_data!K:K,"Voluntary") -> 33 | C11: =COUNTIFS(Work_data!D:D,'Sales - English - India'!B1,Work_data!I:I,">="&DATE(2026,5,1),Work_data!I:I,"<="&DATE(2026,5,31),Work_data!K:K,"Voluntary") -> 14 | D11: =COUNTIFS(Work_data!D:D,'Sales - English - India'!B1,Work_data!I:I,">="&DATE(2026,6,1),Work_data!I:I,"<="&DATE(2026,6,30),Work_data!K:K,"Voluntary") -> 7
A12: Involuntary exits | B12: =COUNTIFS(Work_data!D:D,'Sales - English - India'!B1,Work_data!I:I,">="&DATE(2026,4,1),Work_data!I:I,"<="&DATE(2026,4,30),Work_data!K:K,"Involuntary") -> 18 | C12: =COUNTIFS(Work_data!D:D,'Sales - English - India'!B1,Work_data!I:I,">="&DATE(2026,5,1),Work_data!I:I,"<="&DATE(2026,5,31),Work_data!K:K,"Involuntary") -> 47 | D12: =COUNTIFS(Work_data!D:D,'Sales - English - India'!B1,Work_data!I:I,">="&DATE(2026,6,1),Work_data!I:I,"<="&DATE(2026,6,30),Work_data!K:K,"Involuntary") -> 7
A13: Voluntary attrition % | B13: =B11/B7 -> 0.34196891 | C13: =C11/C7 -> 0.1686747 | D13: =D12/D7 -> 0.1372549
A14: Involuntary attrition % | B14: =B12/B7 -> 0.1865285 | C14: =C12/C7 -> 0.56626506 | D14: =D12/D7 -> 0.1372549

Sheet Sales - India
A1: Analysis for -- | B1: Sales - India
A3: Monthly Summary Table
A4: Metric | B4: 46113 | C4: 46143 | D4: 46174
A5: Opening Headcount | B5: =COUNTIFS(Work_data!D:D,'Sales - India'!B1,Work_data!H:H,"<="&DATE(2026,4,1),Work_data!I:I,">="&DATE(2026,4,1))+COUNTIFS(Work_data!D:D,'Sales - India'!B1,Work_data!H:H,"<="&DATE(2026,4,1),Work_data!I:I,"") -> 183 | C5: =COUNTIFS(Work_data!D:D,'Sales - India'!B1,Work_data!H:H,"<="&DATE(2026,5,1),Work_data!I:I,">="&DATE(2026,5,1))+COUNTIFS(Work_data!D:D,'Sales - India'!B1,Work_data!H:H,"<="&DATE(2026,5,1),Work_data!I:I,"") -> 210 | D5: =COUNTIFS(Work_data!D:D,'Sales - India'!B1,Work_data!H:H,"<="&DATE(2026,6,1),Work_data!I:I,">="&DATE(2026,6,1))+COUNTIFS(Work_data!D:D,'Sales - India'!B1,Work_data!H:H,"<="&DATE(2026,6,1),Work_data!I:I,"") -> 233
A6: Closing Headcount | B6: =COUNTIFS(Work_data!D:D,'Sales - India'!B1,Work_data!H:H,"<="&DATE(2026,4,30),Work_data!I:I,">="&DATE(2026,4,30))+COUNTIFS(Work_data!D:D,'Sales - India'!B1,Work_data!H:H,"<="&DATE(2026,4,30),Work_data!I:I,"") -> 212 | C6: =COUNTIFS(Work_data!D:D,'Sales - India'!B1,Work_data!H:H,"<="&DATE(2026,5,31),Work_data!I:I,">="&DATE(2026,5,31))+COUNTIFS(Work_data!D:D,'Sales - India'!B1,Work_data!H:H,"<="&DATE(2026,5,31),Work_data!I:I,"") -> 234 | D6: =COUNTIFS(Work_data!D:D,'Sales - India'!B1,Work_data!H:H,"<="&DATE(2026,6,30),Work_data!I:I,">="&DATE(2026,6,30))+COUNTIFS(Work_data!D:D,'Sales - India'!B1,Work_data!H:H,"<="&DATE(2026,6,30),Work_data!I:I,"") -> 206
A7: Average Headcount | B7: =(B5+B6)/2 -> 197.5 | C7: =(C5+C6)/2 -> 222 | D7: =(D5+D6)/2 -> 219.5
A8: Joiners | B8: =COUNTIFS(Work_data!D:D,'Sales - India'!B1,Work_data!H:H,">="&DATE(2026,4,1),Work_data!H:H,"<="&DATE(2026,4,30)) -> 122 | C8: =COUNTIFS(Work_data!D:D,'Sales - India'!B1,Work_data!H:H,">="&DATE(2026,5,1),Work_data!H:H,"<="&DATE(2026,5,31)) -> 134 | D8: =COUNTIFS(Work_data!D:D,'Sales - India'!B1,Work_data!H:H,">="&DATE(2026,6,1),Work_data!H:H,"<="&DATE(2026,6,31)) -> 110
A9: Exits | B9: =COUNTIFS(Work_data!D:D,'Sales - India'!B1,Work_data!I:I,">="&DATE(2026,4,1),Work_data!I:I,"<="&DATE(2026,4,30)) -> 91 | C9: =COUNTIFS(Work_data!D:D,'Sales - India'!B1,Work_data!I:I,">="&DATE(2026,5,1),Work_data!I:I,"<="&DATE(2026,5,31)) -> 113 | D9: =COUNTIFS(Work_data!D:D,'Sales - India'!B1,Work_data!I:I,">="&DATE(2026,6,1),Work_data!I:I,"<="&DATE(2026,6,30)) -> 135
A10: Attrition % | B10: =B9/B7 -> 0.46075949 | C10: =C9/C7 -> 0.50900901 | D10: =D9/D7 -> 0.61503417
A11: Voluntary exits | B11: =COUNTIFS(Work_data!D:D,'Sales - India'!B1,Work_data!I:I,">="&DATE(2026,4,1),Work_data!I:I,"<="&DATE(2026,4,30),Work_data!K:K,"Voluntary") -> 54 | C11: =COUNTIFS(Work_data!D:D,'Sales - India'!B1,Work_data!I:I,">="&DATE(2026,5,1),Work_data!I:I,"<="&DATE(2026,5,31),Work_data!K:K,"Voluntary") -> 55 | D11: =COUNTIFS(Work_data!D:D,'Sales - India'!B1,Work_data!I:I,">="&DATE(2026,6,1),Work_data!I:I,"<="&DATE(2026,6,30),Work_data!K:K,"Voluntary") -> 71
A12: Involuntary exits | B12: =COUNTIFS(Work_data!D:D,'Sales - India'!B1,Work_data!I:I,">="&DATE(2026,4,1),Work_data!I:I,"<="&DATE(2026,4,30),Work_data!K:K,"Involuntary") -> 37 | C12: =COUNTIFS(Work_data!D:D,'Sales - India'!B1,Work_data!I:I,">="&DATE(2026,5,1),Work_data!I:I,"<="&DATE(2026,5,31),Work_data!K:K,"Involuntary") -> 58 | D12: =COUNTIFS(Work_data!D:D,'Sales - India'!B1,Work_data!I:I,">="&DATE(2026,6,1),Work_data!I:I,"<="&DATE(2026,6,30),Work_data!K:K,"Involuntary") -> 64
A13: Voluntary attrition % | B13: =B11/B7 -> 0.27341772 | C13: =C11/C7 -> 0.24774775 | D13: =D11/D7 -> 0.32346241
A14: Involuntary attrition % | B14: =B12/B7 -> 0.18734177 | C14: =C12/C7 -> 0.26126126 | D14: =D12/D7 -> 0.29157175

Sheet Sales - ROW - GCC
A1: Analysis for -- | B1: Sales - ROW - GCC
A3: Monthly Summary Table
A4: Metric | B4: 46113 | C4: 46143 | D4: 46174
A5: Opening Headcount | B5: =COUNTIFS(Work_data!D:D,B1,Work_data!H:H,"<="&DATE(2026,4,1),Work_data!I:I,">="&DATE(2026,4,1))+COUNTIFS(Work_data!D:D,B1,Work_data!H:H,"<="&DATE(2026,4,1),Work_data!I:I,"") -> 43 | C5: =COUNTIFS(Work_data!D:D,B1,Work_data!H:H,"<="&DATE(2026,5,1),Work_data!I:I,">="&DATE(2026,5,1))+COUNTIFS(Work_data!D:D,B1,Work_data!H:H,"<="&DATE(2026,5,1),Work_data!I:I,"") -> 48 | D5: =COUNTIFS(Work_data!D:D,B1,Work_data!H:H,"<="&DATE(2026,6,1),Work_data!I:I,">="&DATE(2026,6,1))+COUNTIFS(Work_data!D:D,B1,Work_data!H:H,"<="&DATE(2026,6,1),Work_data!I:I,"") -> 50
A6: Closing Headcount | B6: =COUNTIFS(Work_data!D:D,B1,Work_data!H:H,"<="&DATE(2026,4,30),Work_data!I:I,">="&DATE(2026,4,30))+COUNTIFS(Work_data!D:D,B1,Work_data!H:H,"<="&DATE(2026,4,30),Work_data!I:I,"") -> 49 | C6: =COUNTIFS(Work_data!D:D,B1,Work_data!H:H,"<="&DATE(2026,5,31),Work_data!I:I,">="&DATE(2026,5,31))+COUNTIFS(Work_data!D:D,B1,Work_data!H:H,"<="&DATE(2026,5,31),Work_data!I:I,"") -> 49 | D6: =COUNTIFS(Work_data!D:D,B1,Work_data!H:H,"<="&DATE(2026,6,30),Work_data!I:I,">="&DATE(2026,6,30))+COUNTIFS(Work_data!D:D,B1,Work_data!H:H,"<="&DATE(2026,6,30),Work_data!I:I,"") -> 44
A7: Average Headcount | B7: =(B5+B6)/2 -> 46 | C7: =(C5+C6)/2 -> 48.5 | D7: =(D5+D6)/2 -> 47
A8: Joiners | B8: =COUNTIFS(Work_data!D:D,'Sales - ROW - GCC'!B1,Work_data!H:H,">="&DATE(2026,4,1),Work_data!H:H,"<="&DATE(2026,4,30)) -> 26 | C8: =COUNTIFS(Work_data!D:D,'Sales - ROW - GCC'!B1,Work_data!H:H,">="&DATE(2026,5,1),Work_data!H:H,"<="&DATE(2026,5,31)) -> 19 | D8: =COUNTIFS(Work_data!D:D,'Sales - ROW - GCC'!B1,Work_data!H:H,">="&DATE(2026,6,1),Work_data!H:H,"<="&DATE(2026,6,30)) -> 22
A9: Exits | B9: =COUNTIFS(Work_data!D:D,'Sales - ROW - GCC'!B1,Work_data!I:I,">="&DATE(2026,4,1),Work_data!I:I,"<="&DATE(2026,4,30)) -> 20 | C9: =COUNTIFS(Work_data!D:D,'Sales - ROW - GCC'!B1,Work_data!I:I,">="&DATE(2026,5,1),Work_data!I:I,"<="&DATE(2026,5,31)) -> 19 | D9: =COUNTIFS(Work_data!D:D,'Sales - ROW - GCC'!B1,Work_data!I:I,">="&DATE(2026,6,1),Work_data!I:I,"<="&DATE(2026,6,30)) -> 26
A10: Attrition % | B10: =B9/B7 -> 0.43478261 | C10: =C9/C7 -> 0.39175258 | D10: =D9/D7 -> 0.55319149
A11: Voluntary exits | B11: =COUNTIFS(Work_data!D:D,'Sales - ROW - GCC'!B1,Work_data!I:I,">="&DATE(2026,4,1),Work_data!I:I,"<="&DATE(2026,4,30),Work_data!K:K,"Voluntary") -> 9 | C11: =COUNTIFS(Work_data!D:D,'Sales - ROW - GCC'!B1,Work_data!I:I,">="&DATE(2026,5,1),Work_data!I:I,"<="&DATE(2026,5,31),Work_data!K:K,"Voluntary") -> 13 | D11: =COUNTIFS(Work_data!D:D,'Sales - ROW - GCC'!B1,Work_data!I:I,">="&DATE(2026,6,1),Work_data!I:I,"<="&DATE(2026,6,30),Work_data!K:K,"Voluntary") -> 14
A12: Involuntary exits | B12: =COUNTIFS(Work_data!D:D,'Sales - ROW - GCC'!B1,Work_data!I:I,">="&DATE(2026,4,1),Work_data!I:I,"<="&DATE(2026,4,30),Work_data!K:K,"Involuntary") -> 11 | C12: =COUNTIFS(Work_data!D:D,'Sales - ROW - GCC'!B1,Work_data!I:I,">="&DATE(2026,5,1),Work_data!I:I,"<="&DATE(2026,5,31),Work_data!K:K,"Involuntary") -> 6 | D12: =COUNTIFS(Work_data!D:D,'Sales - ROW - GCC'!B1,Work_data!I:I,">="&DATE(2026,6,1),Work_data!I:I,"<="&DATE(2026,6,30),Work_data!K:K,"Involuntary") -> 12
A13: Voluntary attrition % | B13: =B11/B7 -> 0.19565217 | C13: =C11/C7 -> 0.26804124 | D13: =D11/D7 -> 0.29787234
A14: Involuntary attrition % | B14: =B12/B7 -> 0.23913043 | C14: =C12/C7 -> 0.12371134 | D14: =D12/D7 -> 0.25531915

Sheet Sales - ROW - ANZ
A1: Analysis for -- | B1: Sales - ROW - ANZ
A3: Monthly Summary Table
A4: Metric | B4: 46113 | C4: 46143 | D4: 46174
A5: Opening Headcount | B5: =COUNTIFS(Work_data!D:D,'Sales - ROW - ANZ'!B1,Work_data!H:H,"<="&DATE(2026,4,1),Work_data!I:I,">="&DATE(2026,4,1))+COUNTIFS(Work_data!D:D,'Sales - ROW - ANZ'!B1,Work_data!H:H,"<="&DATE(2026,4,1),Work_data!I:I,"") -> 33 | C5: =COUNTIFS(Work_data!D:D,'Sales - ROW - ANZ'!B1,Work_data!H:H,"<="&DATE(2026,5,1),Work_data!I:I,">="&DATE(2026,5,1))+COUNTIFS(Work_data!D:D,'Sales - ROW - ANZ'!B1,Work_data!H:H,"<="&DATE(2026,5,1),Work_data!I:I,"") -> 41 | D5: =COUNTIFS(Work_data!D:D,'Sales - ROW - ANZ'!B1,Work_data!H:H,"<="&DATE(2026,6,1),Work_data!I:I,">="&DATE(2026,6,1))+COUNTIFS(Work_data!D:D,'Sales - ROW - ANZ'!B1,Work_data!H:H,"<="&DATE(2026,6,1),Work_data!I:I,"") -> 34
A6: Closing Headcount | B6: =COUNTIFS(Work_data!D:D,'Sales - ROW - ANZ'!B1,Work_data!H:H,"<="&DATE(2026,4,30),Work_data!I:I,">="&DATE(2026,4,30))+COUNTIFS(Work_data!D:D,'Sales - ROW - ANZ'!B1,Work_data!H:H,"<="&DATE(2026,4,30),Work_data!I:I,"") -> 42 | C6: =COUNTIFS(Work_data!D:D,'Sales - ROW - ANZ'!B1,Work_data!H:H,"<="&DATE(2026,5,31),Work_data!I:I,">="&DATE(2026,5,31))+COUNTIFS(Work_data!D:D,'Sales - ROW - ANZ'!B1,Work_data!H:H,"<="&DATE(2026,5,31),Work_data!I:I,"") -> 34 | D6: =COUNTIFS(Work_data!D:D,'Sales - ROW - ANZ'!B1,Work_data!H:H,"<="&DATE(2026,6,30),Work_data!I:I,">="&DATE(2026,6,30))+COUNTIFS(Work_data!D:D,'Sales - ROW - ANZ'!B1,Work_data!H:H,"<="&DATE(2026,6,30),Work_data!I:I,"") -> 33
A7: Average Headcount | B7: =(B5+B6)/2 -> 37.5 | C7: =(C5+C6)/2 -> 37.5 | D7: =(D5+D6)/2 -> 33.5
A8: Joiners | B8: =COUNTIFS(Work_data!D:D,'Sales - ROW - ANZ'!B1,Work_data!H:H,">="&DATE(2026,4,1),Work_data!H:H,"<="&DATE(2026,4,30)) -> 23 | C8: =COUNTIFS(Work_data!D:D,'Sales - ROW - ANZ'!B1,Work_data!H:H,">="&DATE(2026,5,1),Work_data!H:H,"<="&DATE(2026,5,31)) -> 9 | D8: =COUNTIFS(Work_data!D:D,'Sales - ROW - ANZ'!B1,Work_data!H:H,">="&DATE(2026,6,1),Work_data!H:H,"<="&DATE(2026,6,30)) -> 8
A9: Exits | B9: =COUNTIFS(Work_data!D:D,'Sales - ROW - ANZ'!B1,Work_data!I:I,">="&DATE(2026,4,1),Work_data!I:I,"<="&DATE(2026,4,30)) -> 15 | C9: =COUNTIFS(Work_data!D:D,'Sales - ROW - ANZ'!B1,Work_data!I:I,">="&DATE(2026,5,1),Work_data!I:I,"<="&DATE(2026,5,31)) -> 16 | D9: =COUNTIFS(Work_data!D:D,'Sales - ROW - ANZ'!B1,Work_data!I:I,">="&DATE(2026,6,1),Work_data!I:I,"<="&DATE(2026,6,30)) -> 12
A10: Attrition % | B10: =B9/B7 -> 0.4 | C10: =C9/C7 -> 0.42666667 | D10: =D9/D7 -> 0.35820896
A11: Voluntary exits | B11: =COUNTIFS(Work_data!D:D,'Sales - ROW - ANZ'!B1,Work_data!I:I,">="&DATE(2026,4,1),Work_data!I:I,"<="&DATE(2026,4,30),Work_data!K:K,"Voluntary") -> 5 | C11: =COUNTIFS(Work_data!D:D,'Sales - ROW - ANZ'!B1,Work_data!I:I,">="&DATE(2026,5,1),Work_data!I:I,"<="&DATE(2026,5,31),Work_data!K:K,"Voluntary") -> 12 | D11: =COUNTIFS(Work_data!D:D,'Sales - ROW - ANZ'!B1,Work_data!I:I,">="&DATE(2026,6,1),Work_data!I:I,"<="&DATE(2026,6,31),Work_data!K:K,"Voluntary") -> 3
A12: Involuntary exits | B12: =COUNTIFS(Work_data!D:D,'Sales - ROW - ANZ'!B1,Work_data!I:I,">="&DATE(2026,4,1),Work_data!I:I,"<="&DATE(2026,4,30),Work_data!K:K,"Involuntary") -> 10 | C12: =COUNTIFS(Work_data!D:D,'Sales - ROW - ANZ'!B1,Work_data!I:I,">="&DATE(2026,5,1),Work_data!I:I,"<="&DATE(2026,5,31),Work_data!K:K,"Involuntary") -> 4 | D12: =COUNTIFS(Work_data!D:D,'Sales - ROW - ANZ'!B1,Work_data!I:I,">="&DATE(2026,6,1),Work_data!I:I,"<="&DATE(2026,6,31),Work_data!K:K,"Involuntary") -> 9
A13: Voluntary attrition % | B13: =B11/B7 -> 0.13333333 | C13: =C11/C7 -> 0.32 | D13: =D11/D7 -> 0.089552239
A14: Involuntary attrition % | B14: =B12/B7 -> 0.26666667 | C14: =C12/C7 -> 0.10666667 | D14: =D12/D7 -> 0.26865672

Sheet WFH Analysis
A1: Analysis by Work-Mode | C1: WFH
A3: Metric | B3: 46113 | C3: 46143 | D3: 46174
A4: Opening Headcount | B4: =COUNTIFS(Work_data!G:G,'WFH Analysis'!C1,Work_data!H:H,"<="&DATE(2026,4,1),Work_data!I:I,">="&DATE(2026,4,1))+COUNTIFS(Work_data!G:G,"WFH",Work_data!H:H,"<="&DATE(2026,4,1),Work_data!I:I,"") -> 221 | C4: =COUNTIFS(Work_data!G:G,'WFH Analysis'!C1,Work_data!H:H,"<="&DATE(2026,5,1),Work_data!I:I,">="&DATE(2026,5,1))+COUNTIFS(Work_data!G:G,"WFH",Work_data!H:H,"<="&DATE(2026,5,1),Work_data!I:I,"") -> 286 | D4: =COUNTIFS(Work_data!G:G,'WFH Analysis'!C1,Work_data!H:H,"<="&DATE(2026,6,1),Work_data!I:I,">="&DATE(2026,6,1))+COUNTIFS(Work_data!G:G,"WFH",Work_data!H:H,"<="&DATE(2026,6,1),Work_data!I:I,"") -> 274
A5: Closing Headcount | B5: =COUNTIFS(Work_data!G:G,'WFH Analysis'!C1,Work_data!H:H,"<="&DATE(2026,4,30),Work_data!I:I,">="&DATE(2026,4,30))+COUNTIFS(Work_data!G:G,'WFH Analysis'!C1,Work_data!H:H,"<="&DATE(2026,4,30),Work_data!I:I,"") -> 295 | C5: =COUNTIFS(Work_data!G:G,'WFH Analysis'!C1,Work_data!H:H,"<="&DATE(2026,5,31),Work_data!I:I,">="&DATE(2026,5,31))+COUNTIFS(Work_data!G:G,'WFH Analysis'!C1,Work_data!H:H,"<="&DATE(2026,5,31),Work_data!I:I,"") -> 275 | D5: =COUNTIFS(Work_data!G:G,'WFH Analysis'!C1,Work_data!H:H,"<="&DATE(2026,6,30),Work_data!I:I,">="&DATE(2026,6,30))+COUNTIFS(Work_data!G:G,'WFH Analysis'!C1,Work_data!H:H,"<="&DATE(2026,6,30),Work_data!I:I,"") -> 237
A6: Average Headcount | B6: =(B4+B5)/2 -> 258 | C6: =(C4+C5)/2 -> 280.5 | D6: =(D4+D5)/2 -> 255.5
A7: Joiners | B7: =COUNTIFS(Work_data!G:G,'WFH Analysis'!C1,Work_data!H:H,">="&DATE(2026,4,1),Work_data!H:H,"<="&DATE(2026,4,30)) -> 211 | C7: =COUNTIFS(Work_data!G:G,'WFH Analysis'!C1,Work_data!H:H,">="&DATE(2026,5,1),Work_data!H:H,"<="&DATE(2026,5,31)) -> 134 | D7: =COUNTIFS(Work_data!G:G,'WFH Analysis'!C1,Work_data!H:H,">="&DATE(2026,6,1),Work_data!H:H,"<="&DATE(2026,6,30)) -> 121
A8: Exits | B8: =COUNTIFS(Work_data!G:G,'WFH Analysis'!C1,Work_data!I:I,">="&DATE(2026,4,1),Work_data!I:I,"<="&DATE(2026,4,30)) -> 140 | C8: =COUNTIFS(Work_data!G:G,'WFH Analysis'!C1,Work_data!I:I,">="&DATE(2026,5,1),Work_data!I:I,"<="&DATE(2026,5,31)) -> 149 | D8: =COUNTIFS(Work_data!G:G,'WFH Analysis'!C1,Work_data!I:I,">="&DATE(2026,6,1),Work_data!I:I,"<="&DATE(2026,6,31)) -> 160
A9: Attrition % | B9: =B8/B6 -> 0.54263566 | C9: =C8/C6 -> 0.5311943 | D9: =D8/D6 -> 0.62622309
A10: Voluntary exits | B10: =COUNTIFS(Work_data!G:G,'WFH Analysis'!C1,Work_data!I:I,">="&DATE(2026,4,1),Work_data!I:I,"<="&DATE(2026,4,30),Work_data!K:K,"Voluntary") -> 76 | C10: =COUNTIFS(Work_data!G:G,'WFH Analysis'!C1,Work_data!I:I,">="&DATE(2026,5,1),Work_data!I:I,"<="&DATE(2026,5,31),Work_data!K:K,"Voluntary") -> 73 | D10: =COUNTIFS(Work_data!G:G,'WFH Analysis'!C1,Work_data!I:I,">="&DATE(2026,6,1),Work_data!I:I,"<="&DATE(2026,6,30),Work_data!K:K,"Voluntary") -> 77
A11: Involuntary exits | B11: =COUNTIFS(Work_data!G:G,'WFH Analysis'!C1,Work_data!I:I,">="&DATE(2026,4,1),Work_data!I:I,"<="&DATE(2026,4,30),Work_data!K:K,"Involuntary") -> 64 | C11: =COUNTIFS(Work_data!G:G,'WFH Analysis'!C1,Work_data!I:I,">="&DATE(2026,5,1),Work_data!I:I,"<="&DATE(2026,5,31),Work_data!K:K,"Involuntary") -> 76 | D11: =COUNTIFS(Work_data!G:G,'WFH Analysis'!C1,Work_data!I:I,">="&DATE(2026,6,1),Work_data!I:I,"<="&DATE(2026,6,30),Work_data!K:K,"Involuntary") -> 83
A12: Voluntary attrition % | B12: =B10/B6 -> 0.29457364 | C12: =C10/C6 -> 0.26024955 | D12: =D10/D6 -> 0.30136986
A13: Involuntary attrition % | B13: =B11/B6 -> 0.24806202 | C13: =C11/C6 -> 0.27094474 | D13: =D11/D6 -> 0.32485323

Sheet WFO Analysis
A1: Analysis by Work-Mode | C1: WFO
A3: Metric | B3: 46113 | C3: 46143 | D3: 46174
A4: Opening Headcount | B4: =COUNTIFS(Work_data!G:G,'WFO Analysis'!C1,Work_data!H:H,"<="&DATE(2026,4,1),Work_data!I:I,">="&DATE(2026,4,1))+COUNTIFS(Work_data!G:G,"WFO",Work_data!H:H,"<="&DATE(2026,4,1),Work_data!I:I,"") -> 114 | C4: =COUNTIFS(Work_data!G:G,'WFO Analysis'!C1,Work_data!H:H,"<="&DATE(2026,5,1),Work_data!I:I,">="&DATE(2026,5,1))+COUNTIFS(Work_data!G:G,"WFO",Work_data!H:H,"<="&DATE(2026,5,1),Work_data!I:I,"") -> 123 | D4: =COUNTIFS(Work_data!G:G,'WFO Analysis'!C1,Work_data!H:H,"<="&DATE(2026,6,1),Work_data!I:I,">="&DATE(2026,6,1))+COUNTIFS(Work_data!G:G,"WFO",Work_data!H:H,"<="&DATE(2026,6,1),Work_data!I:I,"") -> 96
A5: Closing Headcount | B5: =COUNTIFS(Work_data!G:G,'WFO Analysis'!C1,Work_data!H:H,"<="&DATE(2026,4,30),Work_data!I:I,">="&DATE(2026,4,30))+COUNTIFS(Work_data!G:G,"WFO",Work_data!H:H,"<="&DATE(2026,4,30),Work_data!I:I,"") -> 125 | C5: =COUNTIFS(Work_data!G:G,'WFO Analysis'!C1,Work_data!H:H,"<="&DATE(2026,5,31),Work_data!I:I,">="&DATE(2026,5,31))+COUNTIFS(Work_data!G:G,"WFO",Work_data!H:H,"<="&DATE(2026,5,31),Work_data!I:I,"") -> 98 | D5: =COUNTIFS(Work_data!G:G,'WFO Analysis'!C1,Work_data!H:H,"<="&DATE(2026,6,30),Work_data!I:I,">="&DATE(2026,6,30))+COUNTIFS(Work_data!G:G,"WFO",Work_data!H:H,"<="&DATE(2026,6,30),Work_data!I:I,"") -> 95
A6: Average Headcount | B6: =(B4+B5)/2 -> 119.5 | C6: =(C4+C5)/2 -> 110.5 | D6: =(D4+D5)/2 -> 95.5
A7: Joiners | B7: =COUNTIFS(Work_data!G:G,'WFO Analysis'!C1,Work_data!H:H,">="&DATE(2026,4,1),Work_data!H:H,"<="&DATE(2026,4,30)) -> 46 | C7: =COUNTIFS(Work_data!G:G,'WFO Analysis'!C1,Work_data!H:H,">="&DATE(2026,5,1),Work_data!H:H,"<="&DATE(2026,5,31)) -> 32 | D7: =COUNTIFS(Work_data!G:G,'WFO Analysis'!C1,Work_data!H:H,">="&DATE(2026,6,1),Work_data!H:H,"<="&DATE(2026,6,30)) -> 27
A8: Exits | B8: =COUNTIFS(Work_data!G:G,'WFO Analysis'!C1,Work_data!I:I,">="&DATE(2026,4,1),Work_data!I:I,"<="&DATE(2026,4,30)) -> 37 | C8: =COUNTIFS(Work_data!G:G,'WFO Analysis'!C1,Work_data!I:I,">="&DATE(2026,5,1),Work_data!I:I,"<="&DATE(2026,5,31)) -> 60 | D8: =COUNTIFS(Work_data!G:G,'WFO Analysis'!C1,Work_data!I:I,">="&DATE(2026,6,1),Work_data!I:I,"<="&DATE(2026,6,30)) -> 27
A9: Attrition % | B9: =B8/B6 -> 0.30962343 | C9: =C8/C6 -> 0.54298643 | D9: =D8/D6 -> 0.28272251
A10: Voluntary exits | B10: =COUNTIFS(Work_data!G:G,'WFO Analysis'!C1,Work_data!I:I,">="&DATE(2026,4,1),Work_data!I:I,"<="&DATE(2026,4,30),Work_data!K:K,"Voluntary") -> 25 | C10: =COUNTIFS(Work_data!G:G,'WFO Analysis'!C1,Work_data!I:I,">="&DATE(2026,5,1),Work_data!I:I,"<="&DATE(2026,5,31),Work_data!K:K,"Voluntary") -> 21 | D10: =COUNTIFS(Work_data!G:G,'WFO Analysis'!C1,Work_data!I:I,">="&DATE(2026,6,1),Work_data!I:I,"<="&DATE(2026,6,30),Work_data!K:K,"Voluntary") -> 18
A11: Involuntary exits | B11: =COUNTIFS(Work_data!G:G,'WFO Analysis'!C1,Work_data!I:I,">="&DATE(2026,4,1),Work_data!I:I,"<="&DATE(2026,4,30),Work_data!K:K,"Involuntary") -> 12 | C11: =COUNTIFS(Work_data!G:G,'WFO Analysis'!C1,Work_data!I:I,">="&DATE(2026,5,1),Work_data!I:I,"<="&DATE(2026,5,31),Work_data!K:K,"Involuntary") -> 39 | D11: =COUNTIFS(Work_data!G:G,'WFO Analysis'!C1,Work_data!I:I,">="&DATE(2026,6,1),Work_data!I:I,"<="&DATE(2026,6,30),Work_data!K:K,"Involuntary") -> 9
A12: Voluntary attrition % | B12: =B10/B6 -> 0.20920502 | C12: =C10/C6 -> 0.19004525 | D12: =D10/D6 -> 0.18848168
A13: Involuntary attrition % | B13: =B11/B6 -> 0.10041841 | C13: =C11/C6 -> 0.35294118 | D13: =D11/D6 -> 0.094240838

Sheet Top exit reason
A3: Row Labels | B3: Count of Employee ID | C3: Contribution %
A4: Personal Reasons | B4: 43 | C4: 0.07504363
A5: Relocation | B5: 44 | C5: 0.076788831
A6: Health Reasons | B6: 47 | C6: 0.082024433
A7: Better Opportunity | B7: 49 | C7: 0.085514834
A8: Family Reasons | B8: 50 | C8: 0.087260035
A9: Higher Studies | B9: 57 | C9: 0.09947644
A10: Policy Violation | B10: 58 | C10: 0.10122164
A11: Attendance / Discipline | B11: 70 | C11: 0.12216405
A12: Role Redundancy | B12: 72 | C12: 0.12565445
A13: Performance Related | B13: 83 | C13: 0.14485166
A14: Grand Total | B14: 573 | C14: 1

Sheet Tenure Bucket
A3: Count of Employee ID | B3: Column Labels
A4: Row Labels | B4: 0-90 | C4: 180-365 | D4: 90-180 | E4: above 1 year | F4: Grand Total
A5: Attendance / Discipline | B5: 22 | C5: 27 | D5: 5 | E5: 16 | F5: 70
A6: Better Opportunity | B6: 42 | C6: 4 | D6: 1 | E6: 2 | F6: 49
A7: Family Reasons | B7: 45 | C7: 1 | D7: 1 | E7: 3 | F7: 50
A8: Health Reasons | B8: 44 | C8: 2 | E8: 1 | F8: 47
A9: Higher Studies | B9: 55 | C9: 2 | F9: 57
A10: Performance Related | B10: 33 | C10: 25 | D10: 11 | E10: 14 | F10: 83
A11: Personal Reasons | B11: 39 | C11: 1 | D11: 2 | E11: 1 | F11: 43
A12: Policy Violation | B12: 26 | C12: 14 | D12: 8 | E12: 10 | F12: 58
A13: Relocation | B13: 41 | C13: 3 | F13: 44
A14: Role Redundancy | B14: 36 | C14: 23 | D14: 5 | E14: 8 | F14: 72
A15: Grand Total | B15: 383 | C15: 102 | D15: 33 | E15: 55 | F15: 573

Sheet WFH vs WHO
B2: 46113 | C2: 46143 | D2: 46174
A3: WFH | B3: 0.54263566 | C3: 0.5311943 | D3: 0.62622309
A4: WFO | B4: 0.30962343 | C4: 0.54298643 | D4: 0.28272251
